[{"model": "admin.logentry", "pk": 1, "fields": {"action_time": "2022-06-13T09:06:10.782Z", "user": 1, "content_type": 7, "object_id": "1", "object_repr": "6979b86340f2ff99fdb3562190be564bb72a4364", "action_flag": 1, "change_message": "[{\"added\": {}}]"}}, {"model": "admin.logentry", "pk": 2, "fields": {"action_time": "2022-06-13T09:10:31.639Z", "user": 1, "content_type": 9, "object_id": "1", "object_repr": "admin@gmail.com", "action_flag": 1, "change_message": "[{\"added\": {}}]"}}, {"model": "admin.logentry", "pk": 3, "fields": {"action_time": "2022-06-13T16:12:38.079Z", "user": 1, "content_type": 10, "object_id": "1", "object_repr": "Main", "action_flag": 1, "change_message": "[{\"added\": {}}]"}}, {"model": "admin.logentry", "pk": 4, "fields": {"action_time": "2022-06-13T16:12:47.487Z", "user": 1, "content_type": 10, "object_id": "2", "object_repr": "General", "action_flag": 1, "change_message": "[{\"added\": {}}]"}}, {"model": "admin.logentry", "pk": 5, "fields": {"action_time": "2022-06-13T16:12:52.711Z", "user": 1, "content_type": 10, "object_id": "3", "object_repr": "None", "action_flag": 1, "change_message": "[{\"added\": {}}]"}}, {"model": "admin.logentry", "pk": 6, "fields": {"action_time": "2022-06-14T10:36:11.674Z", "user": 1, "content_type": 14, "object_id": "1", "object_repr": "01", "action_flag": 1, "change_message": "[{\"added\": {}}]"}}, {"model": "admin.logentry", "pk": 7, "fields": {"action_time": "2022-06-14T10:36:15.870Z", "user": 1, "content_type": 14, "object_id": "2", "object_repr": "02", "action_flag": 1, "change_message": "[{\"added\": {}}]"}}, {"model": "admin.logentry", "pk": 8, "fields": {"action_time": "2022-06-14T10:36:23.004Z", "user": 1, "content_type": 14, "object_id": "3", "object_repr": "03", "action_flag": 1, "change_message": "[{\"added\": {}}]"}}, {"model": "admin.logentry", "pk": 9, "fields": {"action_time": "2022-06-14T10:36:25.963Z", "user": 1, "content_type": 14, "object_id": "4", "object_repr": "04", "action_flag": 1, "change_message": "[{\"added\": {}}]"}}, {"model": "admin.logentry", "pk": 10, "fields": {"action_time": "2022-06-14T10:36:46.094Z", "user": 1, "content_type": 14, "object_id": "5", "object_repr": "05", "action_flag": 1, "change_message": "[{\"added\": {}}]"}}, {"model": "admin.logentry", "pk": 11, "fields": {"action_time": "2022-06-14T10:36:48.361Z", "user": 1, "content_type": 14, "object_id": "6", "object_repr": "06", "action_flag": 1, "change_message": "[{\"added\": {}}]"}}, {"model": "admin.logentry", "pk": 12, "fields": {"action_time": "2022-06-14T10:36:50.979Z", "user": 1, "content_type": 14, "object_id": "7", "object_repr": "07", "action_flag": 1, "change_message": "[{\"added\": {}}]"}}, {"model": "admin.logentry", "pk": 13, "fields": {"action_time": "2022-06-14T10:36:53.034Z", "user": 1, "content_type": 14, "object_id": "8", "object_repr": "08", "action_flag": 1, "change_message": "[{\"added\": {}}]"}}, {"model": "admin.logentry", "pk": 14, "fields": {"action_time": "2022-06-14T10:36:55.091Z", "user": 1, "content_type": 14, "object_id": "9", "object_repr": "09", "action_flag": 1, "change_message": "[{\"added\": {}}]"}}, {"model": "admin.logentry", "pk": 15, "fields": {"action_time": "2022-06-14T10:37:22.908Z", "user": 1, "content_type": 14, "object_id": "10", "object_repr": "10", "action_flag": 1, "change_message": "[{\"added\": {}}]"}}, {"model": "admin.logentry", "pk": 16, "fields": {"action_time": "2022-06-14T10:37:24.961Z", "user": 1, "content_type": 14, "object_id": "11", "object_repr": "11", "action_flag": 1, "change_message": "[{\"added\": {}}]"}}, {"model": "admin.logentry", "pk": 17, "fields": {"action_time": "2022-06-14T10:37:28.635Z", "user": 1, "content_type": 14, "object_id": "12", "object_repr": "12", "action_flag": 1, "change_message": "[{\"added\": {}}]"}}, {"model": "admin.logentry", "pk": 18, "fields": {"action_time": "2022-06-14T10:37:31.352Z", "user": 1, "content_type": 14, "object_id": "13", "object_repr": "13", "action_flag": 1, "change_message": "[{\"added\": {}}]"}}, {"model": "admin.logentry", "pk": 19, "fields": {"action_time": "2022-06-14T10:37:33.540Z", "user": 1, "content_type": 14, "object_id": "14", "object_repr": "14", "action_flag": 1, "change_message": "[{\"added\": {}}]"}}, {"model": "admin.logentry", "pk": 20, "fields": {"action_time": "2022-06-14T10:37:35.892Z", "user": 1, "content_type": 14, "object_id": "15", "object_repr": "15", "action_flag": 1, "change_message": "[{\"added\": {}}]"}}, {"model": "admin.logentry", "pk": 21, "fields": {"action_time": "2022-06-14T10:37:37.866Z", "user": 1, "content_type": 14, "object_id": "16", "object_repr": "16", "action_flag": 1, "change_message": "[{\"added\": {}}]"}}, {"model": "admin.logentry", "pk": 22, "fields": {"action_time": "2022-06-14T10:37:49.396Z", "user": 1, "content_type": 14, "object_id": "17", "object_repr": "17", "action_flag": 1, "change_message": "[{\"added\": {}}]"}}, {"model": "admin.logentry", "pk": 23, "fields": {"action_time": "2022-06-14T10:37:57.140Z", "user": 1, "content_type": 14, "object_id": "18", "object_repr": "1A", "action_flag": 1, "change_message": "[{\"added\": {}}]"}}, {"model": "admin.logentry", "pk": 24, "fields": {"action_time": "2022-06-14T10:38:09.508Z", "user": 1, "content_type": 14, "object_id": "19", "object_repr": "1B", "action_flag": 1, "change_message": "[{\"added\": {}}]"}}, {"model": "admin.logentry", "pk": 25, "fields": {"action_time": "2022-06-14T10:38:37.167Z", "user": 1, "content_type": 14, "object_id": "20", "object_repr": "2A", "action_flag": 1, "change_message": "[{\"added\": {}}]"}}, {"model": "admin.logentry", "pk": 26, "fields": {"action_time": "2022-06-14T10:38:41.980Z", "user": 1, "content_type": 14, "object_id": "21", "object_repr": "2B", "action_flag": 1, "change_message": "[{\"added\": {}}]"}}, {"model": "admin.logentry", "pk": 27, "fields": {"action_time": "2022-06-14T10:41:26.033Z", "user": 1, "content_type": 15, "object_id": "1", "object_repr": "1==001==1A==2022-06-14", "action_flag": 1, "change_message": "[{\"added\": {}}]"}}, {"model": "admin.logentry", "pk": 28, "fields": {"action_time": "2022-06-14T10:41:36.110Z", "user": 1, "content_type": 15, "object_id": "2", "object_repr": "2==002==1A==2022-06-14", "action_flag": 1, "change_message": "[{\"added\": {}}]"}}, {"model": "admin.logentry", "pk": 29, "fields": {"action_time": "2022-06-14T10:41:50.996Z", "user": 1, "content_type": 15, "object_id": "3", "object_repr": "3==003==1A==2022-06-14", "action_flag": 1, "change_message": "[{\"added\": {}}]"}}, {"model": "admin.logentry", "pk": 30, "fields": {"action_time": "2022-06-14T10:42:09.540Z", "user": 1, "content_type": 15, "object_id": "4", "object_repr": "4==004A==1A==2022-06-14", "action_flag": 1, "change_message": "[{\"added\": {}}]"}}, {"model": "admin.logentry", "pk": 31, "fields": {"action_time": "2022-06-14T10:42:17.661Z", "user": 1, "content_type": 15, "object_id": "5", "object_repr": "5==004B==1A==2022-06-14", "action_flag": 1, "change_message": "[{\"added\": {}}]"}}, {"model": "admin.logentry", "pk": 32, "fields": {"action_time": "2022-06-14T10:42:34.336Z", "user": 1, "content_type": 15, "object_id": "6", "object_repr": "6==005==1A==2022-06-14", "action_flag": 1, "change_message": "[{\"added\": {}}]"}}, {"model": "admin.logentry", "pk": 33, "fields": {"action_time": "2022-06-14T10:42:54.886Z", "user": 1, "content_type": 15, "object_id": "7", "object_repr": "7==006==1A==2022-06-14", "action_flag": 1, "change_message": "[{\"added\": {}}]"}}, {"model": "admin.logentry", "pk": 34, "fields": {"action_time": "2022-06-14T10:43:09.759Z", "user": 1, "content_type": 15, "object_id": "8", "object_repr": "8==007==01==2022-06-14", "action_flag": 1, "change_message": "[{\"added\": {}}]"}}, {"model": "admin.logentry", "pk": 35, "fields": {"action_time": "2022-06-14T10:43:16.174Z", "user": 1, "content_type": 15, "object_id": "9", "object_repr": "9==008==01==2022-06-14", "action_flag": 1, "change_message": "[{\"added\": {}}]"}}, {"model": "admin.logentry", "pk": 36, "fields": {"action_time": "2022-06-14T10:43:38.095Z", "user": 1, "content_type": 15, "object_id": "10", "object_repr": "10==009A==01==2022-06-14", "action_flag": 1, "change_message": "[{\"added\": {}}]"}}, {"model": "admin.logentry", "pk": 37, "fields": {"action_time": "2022-06-14T10:43:52.831Z", "user": 1, "content_type": 15, "object_id": "11", "object_repr": "11==009B==01==2022-06-14", "action_flag": 1, "change_message": "[{\"added\": {}}]"}}, {"model": "admin.logentry", "pk": 38, "fields": {"action_time": "2022-06-14T10:44:05.499Z", "user": 1, "content_type": 15, "object_id": "12", "object_repr": "12==010A==01==2022-06-14", "action_flag": 1, "change_message": "[{\"added\": {}}]"}}, {"model": "admin.logentry", "pk": 39, "fields": {"action_time": "2022-06-14T10:44:25.564Z", "user": 1, "content_type": 15, "object_id": "13", "object_repr": "13==010B==1A==2022-06-14", "action_flag": 1, "change_message": "[{\"added\": {}}]"}}, {"model": "admin.logentry", "pk": 40, "fields": {"action_time": "2022-06-14T10:44:46.608Z", "user": 1, "content_type": 15, "object_id": "14", "object_repr": "14==011A==1A==2022-06-14", "action_flag": 1, "change_message": "[{\"added\": {}}]"}}, {"model": "admin.logentry", "pk": 41, "fields": {"action_time": "2022-06-14T10:44:58.599Z", "user": 1, "content_type": 15, "object_id": "15", "object_repr": "15==011B==01==2022-06-14", "action_flag": 1, "change_message": "[{\"added\": {}}]"}}, {"model": "admin.logentry", "pk": 42, "fields": {"action_time": "2022-06-14T11:05:55.470Z", "user": 1, "content_type": 10, "object_id": "1", "object_repr": "Main==20", "action_flag": 2, "change_message": "[{\"changed\": {\"fields\": [\"Payment range\"]}}]"}}, {"model": "admin.logentry", "pk": 43, "fields": {"action_time": "2022-06-14T11:06:14.164Z", "user": 1, "content_type": 10, "object_id": "3", "object_repr": "None==0", "action_flag": 2, "change_message": "[{\"changed\": {\"fields\": [\"Payment range\"]}}]"}}, {"model": "admin.logentry", "pk": 44, "fields": {"action_time": "2022-06-14T11:43:02.858Z", "user": 1, "content_type": 8, "object_id": "2", "object_repr": "user1@gmail.com", "action_flag": 1, "change_message": "[{\"added\": {}}]"}}, {"model": "admin.logentry", "pk": 45, "fields": {"action_time": "2022-06-14T11:43:34.674Z", "user": 1, "content_type": 9, "object_id": "2", "object_repr": "user1@gmail.com", "action_flag": 1, "change_message": "[{\"added\": {}}]"}}, {"model": "admin.logentry", "pk": 46, "fields": {"action_time": "2022-06-14T13:59:08.172Z", "user": 1, "content_type": 12, "object_id": "1", "object_repr": "user1@gmail.com==Mahmood==Yasir==8258554024==True", "action_flag": 1, "change_message": "[{\"added\": {}}]"}}, {"model": "admin.logentry", "pk": 47, "fields": {"action_time": "2022-06-14T14:00:49.208Z", "user": 1, "content_type": 16, "object_id": "1", "object_repr": "5==2022-06-14", "action_flag": 1, "change_message": "[{\"added\": {}}]"}}, {"model": "admin.logentry", "pk": 48, "fields": {"action_time": "2022-06-14T14:50:54.000Z", "user": 1, "content_type": 7, "object_id": "2", "object_repr": "48ed6c4f5bdd49106ea6c1117ae3a59bc5ddb939", "action_flag": 1, "change_message": "[{\"added\": {}}]"}}, {"model": "admin.logentry", "pk": 49, "fields": {"action_time": "2022-06-14T18:52:05.198Z", "user": 1, "content_type": 8, "object_id": "2", "object_repr": "user1@gmail.com", "action_flag": 2, "change_message": "[{\"changed\": {\"fields\": [\"Is staff\"]}}]"}}, {"model": "admin.logentry", "pk": 50, "fields": {"action_time": "2022-06-14T18:53:19.190Z", "user": 1, "content_type": 8, "object_id": "3", "object_repr": "user2@gmail.com", "action_flag": 1, "change_message": "[{\"added\": {}}]"}}, {"model": "admin.logentry", "pk": 51, "fields": {"action_time": "2022-06-14T18:53:33.166Z", "user": 1, "content_type": 7, "object_id": "3", "object_repr": "e20684bc40fcafb5241bdebce01cdd08111d0a2d", "action_flag": 1, "change_message": "[{\"added\": {}}]"}}, {"model": "admin.logentry", "pk": 52, "fields": {"action_time": "2022-06-14T18:54:12.631Z", "user": 1, "content_type": 8, "object_id": "3", "object_repr": "user2@gmail.com", "action_flag": 2, "change_message": "[{\"changed\": {\"fields\": [\"Superuser status\", \"Is staff\"]}}]"}}, {"model": "admin.logentry", "pk": 53, "fields": {"action_time": "2022-06-14T19:38:01.968Z", "user": 1, "content_type": 8, "object_id": "3", "object_repr": "user2@gmail.com", "action_flag": 3, "change_message": ""}}, {"model": "admin.logentry", "pk": 54, "fields": {"action_time": "2022-06-14T19:52:18.120Z", "user": 1, "content_type": 8, "object_id": "2", "object_repr": "user1@gmail.com", "action_flag": 3, "change_message": ""}}, {"model": "admin.logentry", "pk": 55, "fields": {"action_time": "2022-06-14T19:53:44.601Z", "user": 1, "content_type": 12, "object_id": "2", "object_repr": "mamun@gmail.com==Mahmood==Yasir==8258554024==True", "action_flag": 1, "change_message": "[{\"added\": {}}]"}}, {"model": "admin.logentry", "pk": 56, "fields": {"action_time": "2022-06-15T11:25:33.443Z", "user": 1, "content_type": 9, "object_id": "3", "object_repr": "mamun@gmail.com", "action_flag": 2, "change_message": "[{\"changed\": {\"fields\": [\"Image\"]}}]"}}, {"model": "admin.logentry", "pk": 57, "fields": {"action_time": "2022-06-15T11:35:53.762Z", "user": 1, "content_type": 10, "object_id": "4", "object_repr": "Admin", "action_flag": 1, "change_message": "[{\"added\": {}}]"}}, {"model": "admin.logentry", "pk": 58, "fields": {"action_time": "2022-06-15T11:50:45.455Z", "user": 1, "content_type": 17, "object_id": "1", "object_repr": "admin@gmail.com==Al==Mahmood==2022-06-15", "action_flag": 1, "change_message": "[{\"added\": {}}]"}}, {"model": "admin.logentry", "pk": 59, "fields": {"action_time": "2022-06-15T15:47:20.145Z", "user": 1, "content_type": 12, "object_id": "3", "object_repr": "mamun@gmail.com==Mahmood==Yasir==8258554088==True", "action_flag": 1, "change_message": "[{\"added\": {}}]"}}, {"model": "admin.logentry", "pk": 60, "fields": {"action_time": "2022-06-15T15:47:33.646Z", "user": 1, "content_type": 12, "object_id": "3", "object_repr": "mamun@gmail.com==Mahmood==Yasir==8258554088==True", "action_flag": 3, "change_message": ""}}, {"model": "admin.logentry", "pk": 61, "fields": {"action_time": "2022-06-15T16:15:50.811Z", "user": 1, "content_type": 12, "object_id": "3", "object_repr": "karim@gmail.com==karim==Uddin==8258554088==True", "action_flag": 1, "change_message": "[{\"added\": {}}]"}}, {"model": "admin.logentry", "pk": 62, "fields": {"action_time": "2022-06-15T16:17:39.334Z", "user": 1, "content_type": 20, "object_id": "1", "object_repr": "mamun@gmail.com==Mahmood==Yasir==8258554024==True==1==001==1A==2022-06-14==1A==2022-06-15", "action_flag": 1, "change_message": "[{\"added\": {}}]"}}, {"model": "admin.logentry", "pk": 63, "fields": {"action_time": "2022-06-16T03:09:08.755Z", "user": 1, "content_type": 12, "object_id": "4", "object_repr": "badol@gmail.com", "action_flag": 1, "change_message": "[{\"added\": {}}]"}}, {"model": "admin.logentry", "pk": 64, "fields": {"action_time": "2022-06-16T06:34:43.451Z", "user": 1, "content_type": 12, "object_id": "4", "object_repr": "5", "action_flag": 3, "change_message": ""}}, {"model": "admin.logentry", "pk": 65, "fields": {"action_time": "2022-06-16T06:34:43.461Z", "user": 1, "content_type": 12, "object_id": "3", "object_repr": "4", "action_flag": 3, "change_message": ""}}, {"model": "admin.logentry", "pk": 66, "fields": {"action_time": "2022-06-16T06:34:43.469Z", "user": 1, "content_type": 12, "object_id": "2", "object_repr": "3", "action_flag": 3, "change_message": ""}}, {"model": "admin.logentry", "pk": 67, "fields": {"action_time": "2022-06-16T10:03:56.201Z", "user": 1, "content_type": 12, "object_id": "5", "object_repr": "None", "action_flag": 3, "change_message": ""}}, {"model": "admin.logentry", "pk": 68, "fields": {"action_time": "2022-06-16T10:28:06.583Z", "user": 1, "content_type": 12, "object_id": "6", "object_repr": "3", "action_flag": 3, "change_message": ""}}, {"model": "admin.logentry", "pk": 69, "fields": {"action_time": "2022-06-16T10:31:02.890Z", "user": 1, "content_type": 12, "object_id": "7", "object_repr": "6", "action_flag": 3, "change_message": ""}}, {"model": "admin.logentry", "pk": 70, "fields": {"action_time": "2022-06-17T04:22:37.429Z", "user": 1, "content_type": 12, "object_id": "11", "object_repr": "rahman@gmail.com", "action_flag": 2, "change_message": "[{\"changed\": {\"fields\": [\"Onetime payment\"]}}]"}}, {"model": "admin.logentry", "pk": 71, "fields": {"action_time": "2022-06-17T04:51:28.965Z", "user": 1, "content_type": 21, "object_id": "1", "object_repr": "001", "action_flag": 1, "change_message": "[{\"added\": {}}]"}}, {"model": "admin.logentry", "pk": 72, "fields": {"action_time": "2022-06-17T04:51:32.801Z", "user": 1, "content_type": 21, "object_id": "2", "object_repr": "002", "action_flag": 1, "change_message": "[{\"added\": {}}]"}}, {"model": "admin.logentry", "pk": 73, "fields": {"action_time": "2022-06-17T04:51:37.634Z", "user": 1, "content_type": 21, "object_id": "3", "object_repr": "003", "action_flag": 1, "change_message": "[{\"added\": {}}]"}}, {"model": "admin.logentry", "pk": 74, "fields": {"action_time": "2022-06-17T04:51:44.010Z", "user": 1, "content_type": 21, "object_id": "4", "object_repr": "004A", "action_flag": 1, "change_message": "[{\"added\": {}}]"}}, {"model": "admin.logentry", "pk": 75, "fields": {"action_time": "2022-06-17T04:51:53.305Z", "user": 1, "content_type": 21, "object_id": "5", "object_repr": "004B", "action_flag": 1, "change_message": "[{\"added\": {}}]"}}, {"model": "admin.logentry", "pk": 76, "fields": {"action_time": "2022-06-17T04:52:03.490Z", "user": 1, "content_type": 21, "object_id": "6", "object_repr": "005", "action_flag": 1, "change_message": "[{\"added\": {}}]"}}, {"model": "admin.logentry", "pk": 77, "fields": {"action_time": "2022-06-17T04:52:09.178Z", "user": 1, "content_type": 21, "object_id": "7", "object_repr": "006", "action_flag": 1, "change_message": "[{\"added\": {}}]"}}, {"model": "admin.logentry", "pk": 78, "fields": {"action_time": "2022-06-17T04:52:16.337Z", "user": 1, "content_type": 21, "object_id": "8", "object_repr": "007", "action_flag": 1, "change_message": "[{\"added\": {}}]"}}, {"model": "admin.logentry", "pk": 79, "fields": {"action_time": "2022-06-17T04:52:32.978Z", "user": 1, "content_type": 21, "object_id": "9", "object_repr": "008", "action_flag": 1, "change_message": "[{\"added\": {}}]"}}, {"model": "admin.logentry", "pk": 80, "fields": {"action_time": "2022-06-17T04:53:18.746Z", "user": 1, "content_type": 21, "object_id": "10", "object_repr": "009A", "action_flag": 1, "change_message": "[{\"added\": {}}]"}}, {"model": "admin.logentry", "pk": 81, "fields": {"action_time": "2022-06-17T04:53:24.067Z", "user": 1, "content_type": 21, "object_id": "11", "object_repr": "009B", "action_flag": 1, "change_message": "[{\"added\": {}}]"}}, {"model": "admin.logentry", "pk": 82, "fields": {"action_time": "2022-06-17T04:53:31.174Z", "user": 1, "content_type": 21, "object_id": "12", "object_repr": "010A", "action_flag": 1, "change_message": "[{\"added\": {}}]"}}, {"model": "admin.logentry", "pk": 83, "fields": {"action_time": "2022-06-17T04:53:35.217Z", "user": 1, "content_type": 21, "object_id": "13", "object_repr": "010B", "action_flag": 1, "change_message": "[{\"added\": {}}]"}}, {"model": "admin.logentry", "pk": 84, "fields": {"action_time": "2022-06-17T04:53:43.170Z", "user": 1, "content_type": 21, "object_id": "14", "object_repr": "011A", "action_flag": 1, "change_message": "[{\"added\": {}}]"}}, {"model": "admin.logentry", "pk": 85, "fields": {"action_time": "2022-06-17T04:53:48.405Z", "user": 1, "content_type": 21, "object_id": "15", "object_repr": "011B", "action_flag": 1, "change_message": "[{\"added\": {}}]"}}, {"model": "admin.logentry", "pk": 86, "fields": {"action_time": "2022-06-17T04:54:24.977Z", "user": 1, "content_type": 15, "object_id": "15", "object_repr": "011B", "action_flag": 2, "change_message": "[{\"changed\": {\"fields\": [\"Road no\"]}}]"}}, {"model": "admin.logentry", "pk": 87, "fields": {"action_time": "2022-06-17T04:54:36.003Z", "user": 1, "content_type": 15, "object_id": "12", "object_repr": "010A", "action_flag": 2, "change_message": "[{\"changed\": {\"fields\": [\"Road no\"]}}]"}}, {"model": "admin.logentry", "pk": 88, "fields": {"action_time": "2022-06-17T04:54:46.555Z", "user": 1, "content_type": 15, "object_id": "11", "object_repr": "009B", "action_flag": 2, "change_message": "[{\"changed\": {\"fields\": [\"Road no\"]}}]"}}, {"model": "admin.logentry", "pk": 89, "fields": {"action_time": "2022-06-17T04:54:53.131Z", "user": 1, "content_type": 15, "object_id": "10", "object_repr": "009A", "action_flag": 2, "change_message": "[{\"changed\": {\"fields\": [\"Road no\"]}}]"}}, {"model": "admin.logentry", "pk": 90, "fields": {"action_time": "2022-06-17T04:55:00.515Z", "user": 1, "content_type": 15, "object_id": "8", "object_repr": "007", "action_flag": 2, "change_message": "[{\"changed\": {\"fields\": [\"Road no\"]}}]"}}, {"model": "admin.logentry", "pk": 91, "fields": {"action_time": "2022-06-17T04:55:08.485Z", "user": 1, "content_type": 15, "object_id": "9", "object_repr": "008", "action_flag": 2, "change_message": "[{\"changed\": {\"fields\": [\"Road no\"]}}]"}}, {"model": "admin.logentry", "pk": 92, "fields": {"action_time": "2022-06-17T11:57:27.415Z", "user": 1, "content_type": 21, "object_id": "16", "object_repr": "012", "action_flag": 1, "change_message": "[{\"added\": {}}]"}}, {"model": "admin.logentry", "pk": 93, "fields": {"action_time": "2022-06-17T11:57:35.071Z", "user": 1, "content_type": 21, "object_id": "17", "object_repr": "013A", "action_flag": 1, "change_message": "[{\"added\": {}}]"}}, {"model": "admin.logentry", "pk": 94, "fields": {"action_time": "2022-06-17T11:57:42.742Z", "user": 1, "content_type": 21, "object_id": "18", "object_repr": "013B", "action_flag": 1, "change_message": "[{\"added\": {}}]"}}, {"model": "admin.logentry", "pk": 95, "fields": {"action_time": "2022-06-17T15:05:41.154Z", "user": 1, "content_type": 20, "object_id": "1", "object_repr": "mamun@gmail.com==011B==01==2022-06-17", "action_flag": 1, "change_message": "[{\"added\": {}}]"}}, {"model": "admin.logentry", "pk": 96, "fields": {"action_time": "2022-06-17T15:06:01.135Z", "user": 1, "content_type": 20, "object_id": "2", "object_repr": "rahman@gmail.com==011B==01==2022-06-17", "action_flag": 1, "change_message": "[{\"added\": {}}]"}}, {"model": "admin.logentry", "pk": 97, "fields": {"action_time": "2022-06-17T15:06:15.687Z", "user": 1, "content_type": 20, "object_id": "3", "object_repr": "badol@gmail.com==011B==01==2022-06-17", "action_flag": 1, "change_message": "[{\"added\": {}}]"}}, {"model": "admin.logentry", "pk": 98, "fields": {"action_time": "2022-06-17T15:06:34.219Z", "user": 1, "content_type": 20, "object_id": "4", "object_repr": "karim@gmail.com==011B==01==2022-06-17", "action_flag": 1, "change_message": "[{\"added\": {}}]"}}, {"model": "admin.logentry", "pk": 99, "fields": {"action_time": "2022-06-17T18:10:52.468Z", "user": 1, "content_type": 12, "object_id": "13", "object_repr": "anik@gmail.com", "action_flag": 2, "change_message": "[{\"changed\": {\"fields\": [\"Onetime payment\"]}}]"}}, {"model": "admin.logentry", "pk": 100, "fields": {"action_time": "2022-06-17T18:15:15.370Z", "user": 1, "content_type": 20, "object_id": "5", "object_repr": "anik@gmail.com==013A==01==2022-06-18", "action_flag": 1, "change_message": "[{\"added\": {}}]"}}, {"model": "admin.logentry", "pk": 101, "fields": {"action_time": "2022-06-17T18:15:44.242Z", "user": 1, "content_type": 20, "object_id": "6", "object_repr": "mahin@gmail.com==013A==01==2022-06-18", "action_flag": 1, "change_message": "[{\"added\": {}}]"}}, {"model": "admin.logentry", "pk": 102, "fields": {"action_time": "2022-06-17T18:16:07.575Z", "user": 1, "content_type": 20, "object_id": "7", "object_repr": "humayun@gmail.com==013A==01==2022-06-18", "action_flag": 1, "change_message": "[{\"added\": {}}]"}}, {"model": "admin.logentry", "pk": 103, "fields": {"action_time": "2022-06-17T18:16:22.135Z", "user": 1, "content_type": 20, "object_id": "8", "object_repr": "user1@gmail.com==013A==01==2022-06-18", "action_flag": 1, "change_message": "[{\"added\": {}}]"}}, {"model": "admin.logentry", "pk": 104, "fields": {"action_time": "2022-06-17T19:46:34.420Z", "user": 1, "content_type": 20, "object_id": "9", "object_repr": "None==010B==01==2022-06-18", "action_flag": 3, "change_message": ""}}, {"model": "admin.logentry", "pk": 105, "fields": {"action_time": "2022-06-18T14:03:08.129Z", "user": 1, "content_type": 15, "object_id": "13", "object_repr": "010B", "action_flag": 2, "change_message": "[{\"changed\": {\"fields\": [\"Road no\"]}}]"}}, {"model": "admin.logentry", "pk": 106, "fields": {"action_time": "2022-06-18T14:03:15.934Z", "user": 1, "content_type": 15, "object_id": "14", "object_repr": "011A", "action_flag": 2, "change_message": "[{\"changed\": {\"fields\": [\"Road no\"]}}]"}}, {"model": "admin.logentry", "pk": 107, "fields": {"action_time": "2022-06-18T14:04:39.285Z", "user": 1, "content_type": 15, "object_id": "6", "object_repr": "005", "action_flag": 2, "change_message": "[{\"changed\": {\"fields\": [\"Road no\"]}}]"}}, {"model": "admin.logentry", "pk": 108, "fields": {"action_time": "2022-06-18T14:04:51.990Z", "user": 1, "content_type": 15, "object_id": "5", "object_repr": "004B", "action_flag": 2, "change_message": "[{\"changed\": {\"fields\": [\"Road no\"]}}]"}}, {"model": "admin.logentry", "pk": 109, "fields": {"action_time": "2022-06-18T14:05:32.928Z", "user": 1, "content_type": 15, "object_id": "5", "object_repr": "004B", "action_flag": 2, "change_message": "[{\"changed\": {\"fields\": [\"Road no\"]}}]"}}, {"model": "admin.logentry", "pk": 110, "fields": {"action_time": "2022-06-18T14:05:42.264Z", "user": 1, "content_type": 15, "object_id": "4", "object_repr": "004A", "action_flag": 2, "change_message": "[{\"changed\": {\"fields\": [\"Road no\"]}}]"}}, {"model": "admin.logentry", "pk": 111, "fields": {"action_time": "2022-06-18T14:05:51.814Z", "user": 1, "content_type": 15, "object_id": "3", "object_repr": "003", "action_flag": 2, "change_message": "[{\"changed\": {\"fields\": [\"Road no\"]}}]"}}, {"model": "admin.logentry", "pk": 112, "fields": {"action_time": "2022-06-18T14:05:59.663Z", "user": 1, "content_type": 15, "object_id": "2", "object_repr": "002", "action_flag": 2, "change_message": "[{\"changed\": {\"fields\": [\"Road no\"]}}]"}}, {"model": "admin.logentry", "pk": 113, "fields": {"action_time": "2022-06-18T14:06:07.079Z", "user": 1, "content_type": 15, "object_id": "1", "object_repr": "001", "action_flag": 2, "change_message": "[{\"changed\": {\"fields\": [\"Road no\"]}}]"}}, {"model": "admin.logentry", "pk": 114, "fields": {"action_time": "2022-06-18T14:09:21.730Z", "user": 1, "content_type": 20, "object_id": "10", "object_repr": "barek@gmail.com==010B==1A==2022-06-18", "action_flag": 2, "change_message": "[{\"changed\": {\"fields\": [\"Road no\"]}}]"}}, {"model": "admin.logentry", "pk": 115, "fields": {"action_time": "2022-06-19T09:15:13.861Z", "user": 1, "content_type": 18, "object_id": "1", "object_repr": "2022-06-15==2022-06-26", "action_flag": 1, "change_message": "[{\"added\": {}}]"}}, {"model": "admin.logentry", "pk": 116, "fields": {"action_time": "2022-06-19T16:03:09.596Z", "user": 1, "content_type": 19, "object_id": "1", "object_repr": "karim@gmail.com==Main==004B==1A==2022-06-19", "action_flag": 3, "change_message": ""}}, {"model": "admin.logentry", "pk": 117, "fields": {"action_time": "2022-06-19T16:29:08.874Z", "user": 1, "content_type": 11, "object_id": "1", "object_repr": "karim@gmail.com==789654123==004B==1A==2022-06-19", "action_flag": 2, "change_message": "[{\"changed\": {\"fields\": [\"Member email\", \"Member status\"]}}]"}}, {"model": "admin.logentry", "pk": 118, "fields": {"action_time": "2022-06-19T16:32:28.571Z", "user": 1, "content_type": 11, "object_id": "2", "object_repr": "karim@gmail.com==5754685374==004B==1A==2022-06-19", "action_flag": 3, "change_message": ""}}, {"model": "admin.logentry", "pk": 119, "fields": {"action_time": "2022-06-19T16:32:28.580Z", "user": 1, "content_type": 11, "object_id": "1", "object_repr": "karim@gmail.com==789654123==004B==1A==2022-06-19", "action_flag": 3, "change_message": ""}}, {"model": "admin.logentry", "pk": 120, "fields": {"action_time": "2022-06-19T16:33:34.506Z", "user": 1, "content_type": 11, "object_id": "3", "object_repr": "karim@gmail.com==5754685374==004B==1A==2022-06-19", "action_flag": 3, "change_message": ""}}, {"model": "admin.logentry", "pk": 121, "fields": {"action_time": "2022-06-19T17:40:13.454Z", "user": 1, "content_type": 18, "object_id": "1", "object_repr": "2022-06-15==2022-06-26==2022-06-19", "action_flag": 1, "change_message": "[{\"added\": {}}]"}}, {"model": "admin.logentry", "pk": 122, "fields": {"action_time": "2022-06-20T13:44:43.752Z", "user": 1, "content_type": 9, "object_id": "4", "object_repr": "karim@gmail.com", "action_flag": 2, "change_message": "[{\"changed\": {\"fields\": [\"Image\"]}}]"}}, {"model": "admin.logentry", "pk": 123, "fields": {"action_time": "2022-06-20T18:12:07.419Z", "user": 1, "content_type": 20, "object_id": "15", "object_repr": "mamun@gmail.com==004B==1A==General==2022-06-21", "action_flag": 3, "change_message": ""}}, {"model": "admin.logentry", "pk": 124, "fields": {"action_time": "2022-06-21T03:57:06.234Z", "user": 1, "content_type": 20, "object_id": "19", "object_repr": "badol@gmail.com==016==4B==Main==2022-06-21", "action_flag": 3, "change_message": ""}}, {"model": "admin.logentry", "pk": 125, "fields": {"action_time": "2022-06-21T03:57:06.241Z", "user": 1, "content_type": 20, "object_id": "18", "object_repr": "karim@gmail.com==015==4A==General==2022-06-21", "action_flag": 3, "change_message": ""}}, {"model": "admin.logentry", "pk": 126, "fields": {"action_time": "2022-06-21T04:01:43.448Z", "user": 1, "content_type": 20, "object_id": "21", "object_repr": "badol@gmail.com==016==4B==Main==2022-06-21", "action_flag": 3, "change_message": ""}}, {"model": "admin.logentry", "pk": 127, "fields": {"action_time": "2022-06-21T04:01:43.453Z", "user": 1, "content_type": 20, "object_id": "20", "object_repr": "karim@gmail.com==015==4A==General==2022-06-21", "action_flag": 3, "change_message": ""}}, {"model": "admin.logentry", "pk": 128, "fields": {"action_time": "2022-06-21T04:07:58.673Z", "user": 1, "content_type": 19, "object_id": "2", "object_repr": "karim@gmail.com==Main==004B==1A==2022-06-19", "action_flag": 2, "change_message": "[{\"changed\": {\"fields\": [\"Payment status\"]}}]"}}, {"model": "admin.logentry", "pk": 129, "fields": {"action_time": "2022-06-21T04:08:06.468Z", "user": 1, "content_type": 19, "object_id": "3", "object_repr": "mamun@gmail.com==General==004B==1A==2022-06-21", "action_flag": 2, "change_message": "[{\"changed\": {\"fields\": [\"Payment status\"]}}]"}}, {"model": "admin.logentry", "pk": 130, "fields": {"action_time": "2022-06-21T04:08:12.063Z", "user": 1, "content_type": 19, "object_id": "4", "object_repr": "mamun@gmail.com==Main==011B==01==2022-06-21", "action_flag": 2, "change_message": "[{\"changed\": {\"fields\": [\"Payment status\"]}}]"}}, {"model": "admin.logentry", "pk": 131, "fields": {"action_time": "2022-06-21T04:09:17.751Z", "user": 1, "content_type": 19, "object_id": "4", "object_repr": "mamun@gmail.com==Main==011B==01==2022-06-21", "action_flag": 3, "change_message": ""}}, {"model": "admin.logentry", "pk": 132, "fields": {"action_time": "2022-06-21T04:09:28.506Z", "user": 1, "content_type": 11, "object_id": "6", "object_repr": "mamun@gmail.com==6265852629==011B==01==2022-06-21", "action_flag": 3, "change_message": ""}}, {"model": "admin.logentry", "pk": 133, "fields": {"action_time": "2022-06-21T11:12:22.408Z", "user": 1, "content_type": 20, "object_id": "4", "object_repr": "karim@gmail.com==011B==01==General==2022-06-17", "action_flag": 2, "change_message": "[{\"changed\": {\"fields\": [\"Member status\"]}}]"}}, {"model": "admin.logentry", "pk": 134, "fields": {"action_time": "2022-06-21T11:12:34.530Z", "user": 1, "content_type": 20, "object_id": "10", "object_repr": "barek@gmail.com==010B==1A==None==2022-06-18", "action_flag": 2, "change_message": "[{\"changed\": {\"fields\": [\"Member status\"]}}]"}}, {"model": "admin.logentry", "pk": 135, "fields": {"action_time": "2022-06-21T11:13:22.712Z", "user": 1, "content_type": 11, "object_id": "4", "object_repr": "karim@gmail.com==5754685374==004B==1A==2022-06-19", "action_flag": 2, "change_message": "[{\"changed\": {\"fields\": [\"End date\"]}}]"}}, {"model": "admin.logentry", "pk": 136, "fields": {"action_time": "2022-06-21T11:23:35.269Z", "user": 1, "content_type": 19, "object_id": "2", "object_repr": "karim@gmail.com==Main==004B==1A==2022-06-19", "action_flag": 2, "change_message": "[{\"changed\": {\"fields\": [\"Offline payment id\"]}}]"}}, {"model": "admin.logentry", "pk": 137, "fields": {"action_time": "2022-06-21T11:23:59.012Z", "user": 1, "content_type": 19, "object_id": "3", "object_repr": "mamun@gmail.com==General==004B==1A==2022-06-21", "action_flag": 2, "change_message": "[{\"changed\": {\"fields\": [\"Offline payment id\"]}}]"}}, {"model": "admin.logentry", "pk": 138, "fields": {"action_time": "2022-06-21T11:24:23.050Z", "user": 1, "content_type": 19, "object_id": "5", "object_repr": "mamun@gmail.com==Main==011B==01==2022-06-21", "action_flag": 2, "change_message": "[{\"changed\": {\"fields\": [\"Offline payment id\"]}}]"}}, {"model": "admin.logentry", "pk": 139, "fields": {"action_time": "2022-06-21T11:24:34.428Z", "user": 1, "content_type": 19, "object_id": "6", "object_repr": "karim@gmail.com==General==011B==01==2022-06-21", "action_flag": 2, "change_message": "[{\"changed\": {\"fields\": [\"Offline payment id\"]}}]"}}, {"model": "admin.logentry", "pk": 140, "fields": {"action_time": "2022-06-21T12:05:13.846Z", "user": 1, "content_type": 19, "object_id": "7", "object_repr": "rahman@gmail.com==General==011B==01==2022-06-21", "action_flag": 3, "change_message": ""}}, {"model": "admin.logentry", "pk": 141, "fields": {"action_time": "2022-06-21T12:05:13.856Z", "user": 1, "content_type": 19, "object_id": "6", "object_repr": "karim@gmail.com==General==011B==01==2022-06-21", "action_flag": 3, "change_message": ""}}, {"model": "admin.logentry", "pk": 142, "fields": {"action_time": "2022-06-21T12:05:13.865Z", "user": 1, "content_type": 19, "object_id": "5", "object_repr": "mamun@gmail.com==Main==011B==01==2022-06-21", "action_flag": 3, "change_message": ""}}, {"model": "admin.logentry", "pk": 143, "fields": {"action_time": "2022-06-21T12:05:13.872Z", "user": 1, "content_type": 19, "object_id": "3", "object_repr": "mamun@gmail.com==General==004B==1A==2022-06-21", "action_flag": 3, "change_message": ""}}, {"model": "admin.logentry", "pk": 144, "fields": {"action_time": "2022-06-21T12:05:13.877Z", "user": 1, "content_type": 19, "object_id": "2", "object_repr": "karim@gmail.com==Main==004B==1A==2022-06-19", "action_flag": 3, "change_message": ""}}, {"model": "admin.logentry", "pk": 145, "fields": {"action_time": "2022-06-21T12:05:45.363Z", "user": 1, "content_type": 11, "object_id": "9", "object_repr": "rahman@gmail.com==456654123321==011B==01==2022-06-21", "action_flag": 3, "change_message": ""}}, {"model": "admin.logentry", "pk": 146, "fields": {"action_time": "2022-06-21T12:05:45.371Z", "user": 1, "content_type": 11, "object_id": "8", "object_repr": "karim@gmail.com==8945262689==011B==01==2022-06-21", "action_flag": 3, "change_message": ""}}, {"model": "admin.logentry", "pk": 147, "fields": {"action_time": "2022-06-21T12:05:45.381Z", "user": 1, "content_type": 11, "object_id": "7", "object_repr": "mamun@gmail.com==789654123==011B==01==2022-06-21", "action_flag": 3, "change_message": ""}}, {"model": "admin.logentry", "pk": 148, "fields": {"action_time": "2022-06-21T12:05:45.389Z", "user": 1, "content_type": 11, "object_id": "5", "object_repr": "mamun@gmail.com==465235213==004B==1A==2022-06-21", "action_flag": 3, "change_message": ""}}, {"model": "admin.logentry", "pk": 149, "fields": {"action_time": "2022-06-21T12:05:45.396Z", "user": 1, "content_type": 11, "object_id": "4", "object_repr": "karim@gmail.com==5754685374==004B==1A==2022-06-19", "action_flag": 3, "change_message": ""}}, {"model": "admin.logentry", "pk": 150, "fields": {"action_time": "2022-06-21T12:35:17.677Z", "user": 1, "content_type": 11, "object_id": "10", "object_repr": "mamun@gmail.com==8946526==004B==1A==2022-06-21", "action_flag": 3, "change_message": ""}}, {"model": "admin.logentry", "pk": 151, "fields": {"action_time": "2022-06-24T09:18:04.297Z", "user": 1, "content_type": 22, "object_id": "2", "object_repr": "karim@gmail.com==004B==1A==2022-06-24==Main", "action_flag": 3, "change_message": ""}}, {"model": "admin.logentry", "pk": 152, "fields": {"action_time": "2022-06-24T09:18:04.307Z", "user": 1, "content_type": 22, "object_id": "1", "object_repr": "karim@gmail.com==004B==1A==2022-06-24==Main", "action_flag": 3, "change_message": ""}}, {"model": "admin.logentry", "pk": 153, "fields": {"action_time": "2022-06-24T09:36:30.875Z", "user": 1, "content_type": 22, "object_id": "5", "object_repr": "karim@gmail.com==011B==01==2022-06-24==General", "action_flag": 3, "change_message": ""}}, {"model": "admin.logentry", "pk": 154, "fields": {"action_time": "2022-06-24T09:36:30.884Z", "user": 1, "content_type": 22, "object_id": "4", "object_repr": "karim@gmail.com==004B==1A==2022-06-24==Main", "action_flag": 3, "change_message": ""}}, {"model": "admin.logentry", "pk": 155, "fields": {"action_time": "2022-06-24T09:36:30.892Z", "user": 1, "content_type": 22, "object_id": "3", "object_repr": "karim@gmail.com==004B==1A==2022-06-24==Main", "action_flag": 3, "change_message": ""}}, {"model": "admin.logentry", "pk": 156, "fields": {"action_time": "2022-06-24T14:57:28.158Z", "user": 1, "content_type": 19, "object_id": "6", "object_repr": "None==Main==004B==1A==2022-06-24", "action_flag": 3, "change_message": ""}}, {"model": "admin.logentry", "pk": 157, "fields": {"action_time": "2022-06-24T14:57:39.533Z", "user": 1, "content_type": 22, "object_id": "7", "object_repr": "karim@gmail.com==004B==1A==2022-06-24==Main", "action_flag": 3, "change_message": ""}}, {"model": "admin.logentry", "pk": 158, "fields": {"action_time": "2022-06-24T15:56:05.060Z", "user": 1, "content_type": 19, "object_id": "3", "object_repr": "mamun@gmail.com==4697315==011B==01==2022-06-21==Main==011B==01==2022-06-21", "action_flag": 2, "change_message": "[{\"changed\": {\"fields\": [\"Start date\", \"End date\"]}}]"}}, {"model": "admin.logentry", "pk": 159, "fields": {"action_time": "2022-06-24T15:56:43.292Z", "user": 1, "content_type": 19, "object_id": "4", "object_repr": "mamun@gmail.com==15696753354==004B==1A==2022-06-21==General==004B==1A==2022-06-21", "action_flag": 2, "change_message": "[{\"changed\": {\"fields\": [\"Start date\", \"End date\"]}}]"}}, {"model": "admin.logentry", "pk": 160, "fields": {"action_time": "2022-06-24T15:57:28.383Z", "user": 1, "content_type": 19, "object_id": "5", "object_repr": "None==Main==011B==01==2022-06-24", "action_flag": 2, "change_message": "[{\"changed\": {\"fields\": [\"Start date\", \"End date\"]}}]"}}, {"model": "admin.logentry", "pk": 161, "fields": {"action_time": "2022-06-24T15:57:57.823Z", "user": 1, "content_type": 19, "object_id": "7", "object_repr": "None==General==011B==01==2022-06-24", "action_flag": 2, "change_message": "[{\"changed\": {\"fields\": [\"Start date\", \"End date\"]}}]"}}, {"model": "admin.logentry", "pk": 162, "fields": {"action_time": "2022-06-25T06:38:05.490Z", "user": 1, "content_type": 11, "object_id": "13", "object_repr": "mamun@gmail.com==5266587212==004B==1A==2022-06-24", "action_flag": 2, "change_message": "[{\"changed\": {\"fields\": [\"Cheque number\", \"Account no\"]}}]"}}, {"model": "admin.logentry", "pk": 163, "fields": {"action_time": "2022-06-25T07:43:48.384Z", "user": 1, "content_type": 12, "object_id": "18", "object_repr": "example@gmail.com", "action_flag": 3, "change_message": ""}}, {"model": "admin.logentry", "pk": 164, "fields": {"action_time": "2022-06-25T07:45:42.584Z", "user": 1, "content_type": 8, "object_id": "14", "object_repr": "example@gmail.com", "action_flag": 3, "change_message": ""}}, {"model": "admin.logentry", "pk": 165, "fields": {"action_time": "2022-06-25T07:50:01.754Z", "user": 1, "content_type": 8, "object_id": "15", "object_repr": "mobile@gmail.com", "action_flag": 3, "change_message": ""}}, {"model": "admin.logentry", "pk": 166, "fields": {"action_time": "2022-06-25T07:50:12.831Z", "user": 1, "content_type": 12, "object_id": "19", "object_repr": "mobile@gmail.com", "action_flag": 3, "change_message": ""}}, {"model": "admin.logentry", "pk": 167, "fields": {"action_time": "2022-06-26T15:23:44.356Z", "user": 1, "content_type": 23, "object_id": "2", "object_repr": "mamun@gmail.com==004B==1A==General==2022-06-26", "action_flag": 3, "change_message": ""}}, {"model": "admin.logentry", "pk": 168, "fields": {"action_time": "2022-06-26T15:23:44.366Z", "user": 1, "content_type": 23, "object_id": "1", "object_repr": "mamun@gmail.com==011B==01==Main==2022-06-26", "action_flag": 3, "change_message": ""}}, {"model": "admin.logentry", "pk": 169, "fields": {"action_time": "2022-06-26T15:25:20.049Z", "user": 1, "content_type": 23, "object_id": "4", "object_repr": "mamun@gmail.com==004B==1A==General==2022-06-26", "action_flag": 3, "change_message": ""}}, {"model": "admin.logentry", "pk": 170, "fields": {"action_time": "2022-06-26T15:25:20.059Z", "user": 1, "content_type": 23, "object_id": "3", "object_repr": "mamun@gmail.com==011B==01==Main==2022-06-26", "action_flag": 3, "change_message": ""}}, {"model": "admin.logentry", "pk": 171, "fields": {"action_time": "2022-06-26T17:09:01.223Z", "user": 1, "content_type": 23, "object_id": "6", "object_repr": "ratul@gmail.com==004B==1A==None==2022-06-26", "action_flag": 3, "change_message": ""}}, {"model": "admin.logentry", "pk": 172, "fields": {"action_time": "2022-06-26T17:09:01.231Z", "user": 1, "content_type": 23, "object_id": "5", "object_repr": "ratul@gmail.com==010B==1A==General==2022-06-26", "action_flag": 3, "change_message": ""}}, {"model": "admin.logentry", "pk": 173, "fields": {"action_time": "2022-06-26T17:09:31.562Z", "user": 1, "content_type": 23, "object_id": "8", "object_repr": "ratul@gmail.com==004B==1A==None==2022-06-26", "action_flag": 3, "change_message": ""}}, {"model": "admin.logentry", "pk": 174, "fields": {"action_time": "2022-06-26T17:09:31.570Z", "user": 1, "content_type": 23, "object_id": "7", "object_repr": "ratul@gmail.com==010B==1A==General==2022-06-26", "action_flag": 3, "change_message": ""}}, {"model": "admin.logentry", "pk": 175, "fields": {"action_time": "2022-06-26T17:10:04.631Z", "user": 1, "content_type": 23, "object_id": "9", "object_repr": "barek@gmail.com==010B==1A==None==2022-06-26", "action_flag": 3, "change_message": ""}}, {"model": "admin.logentry", "pk": 176, "fields": {"action_time": "2022-06-26T18:00:30.225Z", "user": 1, "content_type": 23, "object_id": "10", "object_repr": "test@gmail.com==017==5A==General==2022-06-27", "action_flag": 3, "change_message": ""}}, {"model": "admin.logentry", "pk": 177, "fields": {"action_time": "2022-06-26T18:27:11.166Z", "user": 1, "content_type": 23, "object_id": "14", "object_repr": "ratul@gmail.com==004B==1A==None==2022-06-27", "action_flag": 3, "change_message": ""}}, {"model": "admin.logentry", "pk": 178, "fields": {"action_time": "2022-06-26T18:27:11.174Z", "user": 1, "content_type": 23, "object_id": "13", "object_repr": "ratul@gmail.com==010B==1A==General==2022-06-27", "action_flag": 3, "change_message": ""}}, {"model": "admin.logentry", "pk": 179, "fields": {"action_time": "2022-06-26T18:27:11.181Z", "user": 1, "content_type": 23, "object_id": "12", "object_repr": "humayun@gmail.com==004B==1A==General==2022-06-27", "action_flag": 3, "change_message": ""}}, {"model": "admin.logentry", "pk": 180, "fields": {"action_time": "2022-06-26T18:27:11.188Z", "user": 1, "content_type": 23, "object_id": "11", "object_repr": "humayun@gmail.com==013A==01==None==2022-06-27", "action_flag": 3, "change_message": ""}}, {"model": "admin.logentry", "pk": 181, "fields": {"action_time": "2022-07-02T04:39:59.353Z", "user": 1, "content_type": 10, "object_id": "4", "object_repr": "Admin", "action_flag": 3, "change_message": ""}}, {"model": "admin.logentry", "pk": 182, "fields": {"action_time": "2022-07-03T04:53:22.019Z", "user": 1, "content_type": 20, "object_id": "14", "object_repr": "mamun@gmail.com==004B==1A==General==2022-06-21", "action_flag": 2, "change_message": "[{\"changed\": {\"fields\": [\"Plot no\", \"Road no\"]}}]"}}, {"model": "admin.logentry", "pk": 183, "fields": {"action_time": "2022-07-03T10:15:44.683Z", "user": 1, "content_type": 19, "object_id": "13", "object_repr": "nakib@gmail.com==null==016==4B==2022-07-03==General==016==4B==2022-07-03", "action_flag": 3, "change_message": ""}}, {"model": "admin.logentry", "pk": 184, "fields": {"action_time": "2022-07-03T10:15:54.314Z", "user": 1, "content_type": 11, "object_id": "18", "object_repr": "nakib@gmail.com==null==016==4B==2022-07-03", "action_flag": 3, "change_message": ""}}, {"model": "admin.logentry", "pk": 185, "fields": {"action_time": "2022-07-08T06:47:04.080Z", "user": 1, "content_type": 16, "object_id": "1", "object_repr": "5==2022-06-14", "action_flag": 3, "change_message": ""}}, {"model": "admin.logentry", "pk": 186, "fields": {"action_time": "2022-07-09T06:03:42.261Z", "user": 1, "content_type": 24, "object_id": "1", "object_repr": "50==2022-07-09", "action_flag": 1, "change_message": "[{\"added\": {}}]"}}, {"model": "admin.logentry", "pk": 187, "fields": {"action_time": "2022-07-09T07:00:22.139Z", "user": 1, "content_type": 25, "object_id": "1", "object_repr": "Agrani Bank Limited", "action_flag": 1, "change_message": "[{\"added\": {}}]"}}, {"model": "admin.logentry", "pk": 188, "fields": {"action_time": "2022-07-09T07:00:34.542Z", "user": 1, "content_type": 25, "object_id": "2", "object_repr": "Bangladesh Development Bank", "action_flag": 1, "change_message": "[{\"added\": {}}]"}}, {"model": "admin.logentry", "pk": 189, "fields": {"action_time": "2022-07-09T07:00:44.873Z", "user": 1, "content_type": 25, "object_id": "3", "object_repr": "BASIC Bank Limited", "action_flag": 1, "change_message": "[{\"added\": {}}]"}}, {"model": "admin.logentry", "pk": 190, "fields": {"action_time": "2022-07-09T07:00:52.247Z", "user": 1, "content_type": 25, "object_id": "4", "object_repr": "Janata Bank Limited", "action_flag": 1, "change_message": "[{\"added\": {}}]"}}, {"model": "admin.logentry", "pk": 191, "fields": {"action_time": "2022-07-09T07:00:58.968Z", "user": 1, "content_type": 25, "object_id": "5", "object_repr": "Rupali Bank Limited", "action_flag": 1, "change_message": "[{\"added\": {}}]"}}, {"model": "admin.logentry", "pk": 192, "fields": {"action_time": "2022-07-09T07:01:06.871Z", "user": 1, "content_type": 25, "object_id": "6", "object_repr": "Sonali Bank Limited", "action_flag": 1, "change_message": "[{\"added\": {}}]"}}, {"model": "admin.logentry", "pk": 193, "fields": {"action_time": "2022-07-09T07:01:26.049Z", "user": 1, "content_type": 25, "object_id": "7", "object_repr": "AB Bank Limited", "action_flag": 1, "change_message": "[{\"added\": {}}]"}}, {"model": "admin.logentry", "pk": 194, "fields": {"action_time": "2022-07-09T07:01:37.087Z", "user": 1, "content_type": 25, "object_id": "8", "object_repr": "Bangladesh Commerce Bank Limited", "action_flag": 1, "change_message": "[{\"added\": {}}]"}}, {"model": "admin.logentry", "pk": 195, "fields": {"action_time": "2022-07-09T07:01:44.255Z", "user": 1, "content_type": 25, "object_id": "9", "object_repr": "Bank Asia Limited", "action_flag": 1, "change_message": "[{\"added\": {}}]"}}, {"model": "admin.logentry", "pk": 196, "fields": {"action_time": "2022-07-09T07:01:52.239Z", "user": 1, "content_type": 25, "object_id": "10", "object_repr": "BRAC Bank Limited", "action_flag": 1, "change_message": "[{\"added\": {}}]"}}, {"model": "admin.logentry", "pk": 197, "fields": {"action_time": "2022-07-09T07:02:04.566Z", "user": 1, "content_type": 25, "object_id": "11", "object_repr": "City Bank Limited", "action_flag": 1, "change_message": "[{\"added\": {}}]"}}, {"model": "admin.logentry", "pk": 198, "fields": {"action_time": "2022-07-09T07:02:18.279Z", "user": 1, "content_type": 25, "object_id": "12", "object_repr": "Al-Arafah Islami Bank Limited", "action_flag": 1, "change_message": "[{\"added\": {}}]"}}, {"model": "admin.logentry", "pk": 199, "fields": {"action_time": "2022-07-09T07:02:29.065Z", "user": 1, "content_type": 25, "object_id": "13", "object_repr": "Islami Bank Bangladesh Limited", "action_flag": 1, "change_message": "[{\"added\": {}}]"}}, {"model": "admin.logentry", "pk": 200, "fields": {"action_time": "2022-07-09T07:02:55.398Z", "user": 1, "content_type": 25, "object_id": "14", "object_repr": "IFIC Bank Limited", "action_flag": 1, "change_message": "[{\"added\": {}}]"}}, {"model": "admin.logentry", "pk": 201, "fields": {"action_time": "2022-07-12T14:09:05.915Z", "user": 1, "content_type": 16, "object_id": "1", "object_repr": "50==2022-07-12", "action_flag": 1, "change_message": "[{\"added\": {}}]"}}, {"model": "admin.logentry", "pk": 202, "fields": {"action_time": "2022-07-12T14:10:06.662Z", "user": 1, "content_type": 16, "object_id": "2", "object_repr": "50==2022-07-12", "action_flag": 1, "change_message": "[{\"added\": {}}]"}}, {"model": "admin.logentry", "pk": 203, "fields": {"action_time": "2022-07-12T14:10:38.618Z", "user": 1, "content_type": 16, "object_id": "3", "object_repr": "50==2022-07-12", "action_flag": 1, "change_message": "[{\"added\": {}}]"}}, {"model": "admin.logentry", "pk": 204, "fields": {"action_time": "2022-07-12T14:23:31.591Z", "user": 1, "content_type": 12, "object_id": "31", "object_repr": "mokhtar@gmail.com", "action_flag": 2, "change_message": "[{\"changed\": {\"fields\": [\"Member firstname\", \"Member lastname\"]}}]"}}, {"model": "admin.logentry", "pk": 205, "fields": {"action_time": "2022-07-12T14:38:23.316Z", "user": 1, "content_type": 16, "object_id": "1", "object_repr": "50==2022-07-12", "action_flag": 2, "change_message": "[{\"changed\": {\"fields\": [\"Member email\"]}}]"}}, {"model": "admin.logentry", "pk": 206, "fields": {"action_time": "2022-07-12T14:38:37.837Z", "user": 1, "content_type": 16, "object_id": "2", "object_repr": "50==2022-07-12", "action_flag": 2, "change_message": "[{\"changed\": {\"fields\": [\"Member email\"]}}]"}}, {"model": "admin.logentry", "pk": 207, "fields": {"action_time": "2022-07-12T14:38:55.151Z", "user": 1, "content_type": 16, "object_id": "3", "object_repr": "50==2022-07-12", "action_flag": 2, "change_message": "[{\"changed\": {\"fields\": [\"Member email\"]}}]"}}, {"model": "admin.logentry", "pk": 208, "fields": {"action_time": "2022-07-12T17:39:17.885Z", "user": 1, "content_type": 26, "object_id": "1", "object_repr": "mamun@gmail.com==2022-07-12==2022-07-12==True==011B=2022-07-12", "action_flag": 2, "change_message": "[{\"changed\": {\"fields\": [\"Paid\"]}}]"}}, {"model": "admin.logentry", "pk": 209, "fields": {"action_time": "2022-07-12T17:39:34.328Z", "user": 1, "content_type": 26, "object_id": "1", "object_repr": "mamun@gmail.com==2022-07-12==2022-07-12==False==011B=2022-07-12", "action_flag": 2, "change_message": "[{\"changed\": {\"fields\": [\"Paid\"]}}]"}}, {"model": "admin.logentry", "pk": 210, "fields": {"action_time": "2022-07-12T18:16:45.905Z", "user": 1, "content_type": 22, "object_id": "9", "object_repr": "karim@gmail.com==011B==01==2022-07-13==General", "action_flag": 3, "change_message": ""}}, {"model": "admin.logentry", "pk": 211, "fields": {"action_time": "2022-07-12T18:23:45.963Z", "user": 1, "content_type": 22, "object_id": "10", "object_repr": "karim@gmail.com==004B==1A==2022-07-13==Main", "action_flag": 3, "change_message": ""}}, {"model": "admin.logentry", "pk": 212, "fields": {"action_time": "2022-07-12T18:43:25.793Z", "user": 1, "content_type": 22, "object_id": "12", "object_repr": "karim@gmail.com==011B==01==2022-07-13==General", "action_flag": 3, "change_message": ""}}, {"model": "admin.logentry", "pk": 213, "fields": {"action_time": "2022-07-12T18:44:59.002Z", "user": 1, "content_type": 26, "object_id": "4", "object_repr": "karim@gmail.com==2022-07-12==2022-07-12==False==011B=2022-07-12", "action_flag": 2, "change_message": "[{\"changed\": {\"fields\": [\"Paid\"]}}]"}}, {"model": "admin.logentry", "pk": 214, "fields": {"action_time": "2022-07-12T18:49:52.686Z", "user": 1, "content_type": 16, "object_id": "3", "object_repr": "50==2022-07-12", "action_flag": 2, "change_message": "[{\"changed\": {\"fields\": [\"Bank name\"]}}]"}}, {"model": "admin.logentry", "pk": 215, "fields": {"action_time": "2022-07-12T18:50:04.664Z", "user": 1, "content_type": 16, "object_id": "2", "object_repr": "50==2022-07-12", "action_flag": 2, "change_message": "[{\"changed\": {\"fields\": [\"Bank name\"]}}]"}}, {"model": "admin.logentry", "pk": 216, "fields": {"action_time": "2022-07-12T18:50:20.289Z", "user": 1, "content_type": 16, "object_id": "1", "object_repr": "50==2022-07-12", "action_flag": 2, "change_message": "[{\"changed\": {\"fields\": [\"Bank name\"]}}]"}}, {"model": "auth.permission", "pk": 1, "fields": {"name": "Can add log entry", "content_type": 1, "codename": "add_logentry"}}, {"model": "auth.permission", "pk": 2, "fields": {"name": "Can change log entry", "content_type": 1, "codename": "change_logentry"}}, {"model": "auth.permission", "pk": 3, "fields": {"name": "Can delete log entry", "content_type": 1, "codename": "delete_logentry"}}, {"model": "auth.permission", "pk": 4, "fields": {"name": "Can view log entry", "content_type": 1, "codename": "view_logentry"}}, {"model": "auth.permission", "pk": 5, "fields": {"name": "Can add permission", "content_type": 2, "codename": "add_permission"}}, {"model": "auth.permission", "pk": 6, "fields": {"name": "Can change permission", "content_type": 2, "codename": "change_permission"}}, {"model": "auth.permission", "pk": 7, "fields": {"name": "Can delete permission", "content_type": 2, "codename": "delete_permission"}}, {"model": "auth.permission", "pk": 8, "fields": {"name": "Can view permission", "content_type": 2, "codename": "view_permission"}}, {"model": "auth.permission", "pk": 9, "fields": {"name": "Can add group", "content_type": 3, "codename": "add_group"}}, {"model": "auth.permission", "pk": 10, "fields": {"name": "Can change group", "content_type": 3, "codename": "change_group"}}, {"model": "auth.permission", "pk": 11, "fields": {"name": "Can delete group", "content_type": 3, "codename": "delete_group"}}, {"model": "auth.permission", "pk": 12, "fields": {"name": "Can view group", "content_type": 3, "codename": "view_group"}}, {"model": "auth.permission", "pk": 13, "fields": {"name": "Can add content type", "content_type": 4, "codename": "add_contenttype"}}, {"model": "auth.permission", "pk": 14, "fields": {"name": "Can change content type", "content_type": 4, "codename": "change_contenttype"}}, {"model": "auth.permission", "pk": 15, "fields": {"name": "Can delete content type", "content_type": 4, "codename": "delete_contenttype"}}, {"model": "auth.permission", "pk": 16, "fields": {"name": "Can view content type", "content_type": 4, "codename": "view_contenttype"}}, {"model": "auth.permission", "pk": 17, "fields": {"name": "Can add session", "content_type": 5, "codename": "add_session"}}, {"model": "auth.permission", "pk": 18, "fields": {"name": "Can change session", "content_type": 5, "codename": "change_session"}}, {"model": "auth.permission", "pk": 19, "fields": {"name": "Can delete session", "content_type": 5, "codename": "delete_session"}}, {"model": "auth.permission", "pk": 20, "fields": {"name": "Can view session", "content_type": 5, "codename": "view_session"}}, {"model": "auth.permission", "pk": 21, "fields": {"name": "Can add Token", "content_type": 6, "codename": "add_token"}}, {"model": "auth.permission", "pk": 22, "fields": {"name": "Can change Token", "content_type": 6, "codename": "change_token"}}, {"model": "auth.permission", "pk": 23, "fields": {"name": "Can delete Token", "content_type": 6, "codename": "delete_token"}}, {"model": "auth.permission", "pk": 24, "fields": {"name": "Can view Token", "content_type": 6, "codename": "view_token"}}, {"model": "auth.permission", "pk": 25, "fields": {"name": "Can add token", "content_type": 7, "codename": "add_tokenproxy"}}, {"model": "auth.permission", "pk": 26, "fields": {"name": "Can change token", "content_type": 7, "codename": "change_tokenproxy"}}, {"model": "auth.permission", "pk": 27, "fields": {"name": "Can delete token", "content_type": 7, "codename": "delete_tokenproxy"}}, {"model": "auth.permission", "pk": 28, "fields": {"name": "Can view token", "content_type": 7, "codename": "view_tokenproxy"}}, {"model": "auth.permission", "pk": 29, "fields": {"name": "Can add user", "content_type": 8, "codename": "add_user"}}, {"model": "auth.permission", "pk": 30, "fields": {"name": "Can change user", "content_type": 8, "codename": "change_user"}}, {"model": "auth.permission", "pk": 31, "fields": {"name": "Can delete user", "content_type": 8, "codename": "delete_user"}}, {"model": "auth.permission", "pk": 32, "fields": {"name": "Can view user", "content_type": 8, "codename": "view_user"}}, {"model": "auth.permission", "pk": 33, "fields": {"name": "Can add profile", "content_type": 9, "codename": "add_profile"}}, {"model": "auth.permission", "pk": 34, "fields": {"name": "Can change profile", "content_type": 9, "codename": "change_profile"}}, {"model": "auth.permission", "pk": 35, "fields": {"name": "Can delete profile", "content_type": 9, "codename": "delete_profile"}}, {"model": "auth.permission", "pk": 36, "fields": {"name": "Can view profile", "content_type": 9, "codename": "view_profile"}}, {"model": "auth.permission", "pk": 37, "fields": {"name": "Can add status", "content_type": 10, "codename": "add_status"}}, {"model": "auth.permission", "pk": 38, "fields": {"name": "Can change status", "content_type": 10, "codename": "change_status"}}, {"model": "auth.permission", "pk": 39, "fields": {"name": "Can delete status", "content_type": 10, "codename": "delete_status"}}, {"model": "auth.permission", "pk": 40, "fields": {"name": "Can view status", "content_type": 10, "codename": "view_status"}}, {"model": "auth.permission", "pk": 41, "fields": {"name": "Can add offline payment", "content_type": 11, "codename": "add_offlinepayment"}}, {"model": "auth.permission", "pk": 42, "fields": {"name": "Can change offline payment", "content_type": 11, "codename": "change_offlinepayment"}}, {"model": "auth.permission", "pk": 43, "fields": {"name": "Can delete offline payment", "content_type": 11, "codename": "delete_offlinepayment"}}, {"model": "auth.permission", "pk": 44, "fields": {"name": "Can view offline payment", "content_type": 11, "codename": "view_offlinepayment"}}, {"model": "auth.permission", "pk": 45, "fields": {"name": "Can add member", "content_type": 12, "codename": "add_member"}}, {"model": "auth.permission", "pk": 46, "fields": {"name": "Can change member", "content_type": 12, "codename": "change_member"}}, {"model": "auth.permission", "pk": 47, "fields": {"name": "Can delete member", "content_type": 12, "codename": "delete_member"}}, {"model": "auth.permission", "pk": 48, "fields": {"name": "Can view member", "content_type": 12, "codename": "view_member"}}, {"model": "auth.permission", "pk": 49, "fields": {"name": "Can add payment status", "content_type": 13, "codename": "add_paymentstatus"}}, {"model": "auth.permission", "pk": 50, "fields": {"name": "Can change payment status", "content_type": 13, "codename": "change_paymentstatus"}}, {"model": "auth.permission", "pk": 51, "fields": {"name": "Can delete payment status", "content_type": 13, "codename": "delete_paymentstatus"}}, {"model": "auth.permission", "pk": 52, "fields": {"name": "Can view payment status", "content_type": 13, "codename": "view_paymentstatus"}}, {"model": "auth.permission", "pk": 53, "fields": {"name": "Can add road number", "content_type": 14, "codename": "add_roadnumber"}}, {"model": "auth.permission", "pk": 54, "fields": {"name": "Can change road number", "content_type": 14, "codename": "change_roadnumber"}}, {"model": "auth.permission", "pk": 55, "fields": {"name": "Can delete road number", "content_type": 14, "codename": "delete_roadnumber"}}, {"model": "auth.permission", "pk": 56, "fields": {"name": "Can view road number", "content_type": 14, "codename": "view_roadnumber"}}, {"model": "auth.permission", "pk": 57, "fields": {"name": "Can add plot position", "content_type": 15, "codename": "add_plotposition"}}, {"model": "auth.permission", "pk": 58, "fields": {"name": "Can change plot position", "content_type": 15, "codename": "change_plotposition"}}, {"model": "auth.permission", "pk": 59, "fields": {"name": "Can delete plot position", "content_type": 15, "codename": "delete_plotposition"}}, {"model": "auth.permission", "pk": 60, "fields": {"name": "Can view plot position", "content_type": 15, "codename": "view_plotposition"}}, {"model": "auth.permission", "pk": 61, "fields": {"name": "Can add onetime membership payment", "content_type": 16, "codename": "add_onetimemembershippayment"}}, {"model": "auth.permission", "pk": 62, "fields": {"name": "Can change onetime membership payment", "content_type": 16, "codename": "change_onetimemembershippayment"}}, {"model": "auth.permission", "pk": 63, "fields": {"name": "Can delete onetime membership payment", "content_type": 16, "codename": "delete_onetimemembershippayment"}}, {"model": "auth.permission", "pk": 64, "fields": {"name": "Can view onetime membership payment", "content_type": 16, "codename": "view_onetimemembershippayment"}}, {"model": "auth.permission", "pk": 65, "fields": {"name": "Can add admin user info", "content_type": 17, "codename": "add_adminuserinfo"}}, {"model": "auth.permission", "pk": 66, "fields": {"name": "Can change admin user info", "content_type": 17, "codename": "change_adminuserinfo"}}, {"model": "auth.permission", "pk": 67, "fields": {"name": "Can delete admin user info", "content_type": 17, "codename": "delete_adminuserinfo"}}, {"model": "auth.permission", "pk": 68, "fields": {"name": "Can view admin user info", "content_type": 17, "codename": "view_adminuserinfo"}}, {"model": "auth.permission", "pk": 69, "fields": {"name": "Can add payment date fix", "content_type": 18, "codename": "add_paymentdatefix"}}, {"model": "auth.permission", "pk": 70, "fields": {"name": "Can change payment date fix", "content_type": 18, "codename": "change_paymentdatefix"}}, {"model": "auth.permission", "pk": 71, "fields": {"name": "Can delete payment date fix", "content_type": 18, "codename": "delete_paymentdatefix"}}, {"model": "auth.permission", "pk": 72, "fields": {"name": "Can view payment date fix", "content_type": 18, "codename": "view_paymentdatefix"}}, {"model": "auth.permission", "pk": 73, "fields": {"name": "Can add track membership payment", "content_type": 19, "codename": "add_trackmembershippayment"}}, {"model": "auth.permission", "pk": 74, "fields": {"name": "Can change track membership payment", "content_type": 19, "codename": "change_trackmembershippayment"}}, {"model": "auth.permission", "pk": 75, "fields": {"name": "Can delete track membership payment", "content_type": 19, "codename": "delete_trackmembershippayment"}}, {"model": "auth.permission", "pk": 76, "fields": {"name": "Can view track membership payment", "content_type": 19, "codename": "view_trackmembershippayment"}}, {"model": "auth.permission", "pk": 77, "fields": {"name": "Can add track plot ownership", "content_type": 20, "codename": "add_trackplotownership"}}, {"model": "auth.permission", "pk": 78, "fields": {"name": "Can change track plot ownership", "content_type": 20, "codename": "change_trackplotownership"}}, {"model": "auth.permission", "pk": 79, "fields": {"name": "Can delete track plot ownership", "content_type": 20, "codename": "delete_trackplotownership"}}, {"model": "auth.permission", "pk": 80, "fields": {"name": "Can view track plot ownership", "content_type": 20, "codename": "view_trackplotownership"}}, {"model": "auth.permission", "pk": 81, "fields": {"name": "Can add plot number", "content_type": 21, "codename": "add_plotnumber"}}, {"model": "auth.permission", "pk": 82, "fields": {"name": "Can change plot number", "content_type": 21, "codename": "change_plotnumber"}}, {"model": "auth.permission", "pk": 83, "fields": {"name": "Can delete plot number", "content_type": 21, "codename": "delete_plotnumber"}}, {"model": "auth.permission", "pk": 84, "fields": {"name": "Can view plot number", "content_type": 21, "codename": "view_plotnumber"}}, {"model": "auth.permission", "pk": 85, "fields": {"name": "Can add pay online", "content_type": 22, "codename": "add_payonline"}}, {"model": "auth.permission", "pk": 86, "fields": {"name": "Can change pay online", "content_type": 22, "codename": "change_payonline"}}, {"model": "auth.permission", "pk": 87, "fields": {"name": "Can delete pay online", "content_type": 22, "codename": "delete_payonline"}}, {"model": "auth.permission", "pk": 88, "fields": {"name": "Can view pay online", "content_type": 22, "codename": "view_payonline"}}, {"model": "auth.permission", "pk": 89, "fields": {"name": "Can add member history", "content_type": 23, "codename": "add_memberhistory"}}, {"model": "auth.permission", "pk": 90, "fields": {"name": "Can change member history", "content_type": 23, "codename": "change_memberhistory"}}, {"model": "auth.permission", "pk": 91, "fields": {"name": "Can delete member history", "content_type": 23, "codename": "delete_memberhistory"}}, {"model": "auth.permission", "pk": 92, "fields": {"name": "Can view member history", "content_type": 23, "codename": "view_memberhistory"}}, {"model": "auth.permission", "pk": 93, "fields": {"name": "Can add onetime amount", "content_type": 24, "codename": "add_onetimeamount"}}, {"model": "auth.permission", "pk": 94, "fields": {"name": "Can change onetime amount", "content_type": 24, "codename": "change_onetimeamount"}}, {"model": "auth.permission", "pk": 95, "fields": {"name": "Can delete onetime amount", "content_type": 24, "codename": "delete_onetimeamount"}}, {"model": "auth.permission", "pk": 96, "fields": {"name": "Can view onetime amount", "content_type": 24, "codename": "view_onetimeamount"}}, {"model": "auth.permission", "pk": 97, "fields": {"name": "Can add bank name", "content_type": 25, "codename": "add_bankname"}}, {"model": "auth.permission", "pk": 98, "fields": {"name": "Can change bank name", "content_type": 25, "codename": "change_bankname"}}, {"model": "auth.permission", "pk": 99, "fields": {"name": "Can delete bank name", "content_type": 25, "codename": "delete_bankname"}}, {"model": "auth.permission", "pk": 100, "fields": {"name": "Can view bank name", "content_type": 25, "codename": "view_bankname"}}, {"model": "auth.permission", "pk": 101, "fields": {"name": "Can add track due table", "content_type": 26, "codename": "add_trackduetable"}}, {"model": "auth.permission", "pk": 102, "fields": {"name": "Can change track due table", "content_type": 26, "codename": "change_trackduetable"}}, {"model": "auth.permission", "pk": 103, "fields": {"name": "Can delete track due table", "content_type": 26, "codename": "delete_trackduetable"}}, {"model": "auth.permission", "pk": 104, "fields": {"name": "Can view track due table", "content_type": 26, "codename": "view_trackduetable"}}, {"model": "contenttypes.contenttype", "pk": 1, "fields": {"app_label": "admin", "model": "logentry"}}, {"model": "contenttypes.contenttype", "pk": 2, "fields": {"app_label": "auth", "model": "permission"}}, {"model": "contenttypes.contenttype", "pk": 3, "fields": {"app_label": "auth", "model": "group"}}, {"model": "contenttypes.contenttype", "pk": 4, "fields": {"app_label": "contenttypes", "model": "contenttype"}}, {"model": "contenttypes.contenttype", "pk": 5, "fields": {"app_label": "sessions", "model": "session"}}, {"model": "contenttypes.contenttype", "pk": 6, "fields": {"app_label": "authtoken", "model": "token"}}, {"model": "contenttypes.contenttype", "pk": 7, "fields": {"app_label": "authtoken", "model": "tokenproxy"}}, {"model": "contenttypes.contenttype", "pk": 8, "fields": {"app_label": "plot_management", "model": "user"}}, {"model": "contenttypes.contenttype", "pk": 9, "fields": {"app_label": "plot_management", "model": "profile"}}, {"model": "contenttypes.contenttype", "pk": 10, "fields": {"app_label": "plot_management", "model": "status"}}, {"model": "contenttypes.contenttype", "pk": 11, "fields": {"app_label": "plot_management", "model": "offlinepayment"}}, {"model": "contenttypes.contenttype", "pk": 12, "fields": {"app_label": "plot_management", "model": "member"}}, {"model": "contenttypes.contenttype", "pk": 13, "fields": {"app_label": "plot_management", "model": "paymentstatus"}}, {"model": "contenttypes.contenttype", "pk": 14, "fields": {"app_label": "plot_management", "model": "roadnumber"}}, {"model": "contenttypes.contenttype", "pk": 15, "fields": {"app_label": "plot_management", "model": "plotposition"}}, {"model": "contenttypes.contenttype", "pk": 16, "fields": {"app_label": "plot_management", "model": "onetimemembershippayment"}}, {"model": "contenttypes.contenttype", "pk": 17, "fields": {"app_label": "plot_management", "model": "adminuserinfo"}}, {"model": "contenttypes.contenttype", "pk": 18, "fields": {"app_label": "plot_management", "model": "paymentdatefix"}}, {"model": "contenttypes.contenttype", "pk": 19, "fields": {"app_label": "plot_management", "model": "trackmembershippayment"}}, {"model": "contenttypes.contenttype", "pk": 20, "fields": {"app_label": "plot_management", "model": "trackplotownership"}}, {"model": "contenttypes.contenttype", "pk": 21, "fields": {"app_label": "plot_management", "model": "plotnumber"}}, {"model": "contenttypes.contenttype", "pk": 22, "fields": {"app_label": "plot_management", "model": "payonline"}}, {"model": "contenttypes.contenttype", "pk": 23, "fields": {"app_label": "plot_management", "model": "memberhistory"}}, {"model": "contenttypes.contenttype", "pk": 24, "fields": {"app_label": "plot_management", "model": "onetimeamount"}}, {"model": "contenttypes.contenttype", "pk": 25, "fields": {"app_label": "plot_management", "model": "bankname"}}, {"model": "contenttypes.contenttype", "pk": 26, "fields": {"app_label": "plot_management", "model": "trackduetable"}}, {"model": "sessions.session", "pk": "1gjf4hc81s5g08u5wev0grixoc9q0iz9", "fields": {"session_data": ".eJxVjDsOAiEUAO9CbYj8wdLeM5DH4yGrBpJltzLe3ZBsoe3MZN4swr7VuA9a45LZhQl2-mUJ8EltivyAdu8ce9vWJfGZ8MMOfuuZXtej_RtUGHVuIVgdpCInnEsQoFggWbRQrhg0RNpLVIAh2XRWoIz3pTipNQVrDCH7fAHfojfo:1o24mw:lI5rb3JwDoCmz94D4k2hYFXQeb6azn2ctG8IbK_jSTg", "expire_date": "2022-07-01T05:44:58.962Z"}}, {"model": "sessions.session", "pk": "7987l3snrnhx8g1uabf9g8qitpslohgr", "fields": {"session_data": ".eJxVjDsOAiEUAO9CbYj8wdLeM5DH4yGrBpJltzLe3ZBsoe3MZN4swr7VuA9a45LZhQl2-mUJ8EltivyAdu8ce9vWJfGZ8MMOfuuZXtej_RtUGHVuIVgdpCInnEsQoFggWbRQrhg0RNpLVIAh2XRWoIz3pTipNQVrDCH7fAHfojfo:1oBTQi:D7YL-eoXeqI8wUfwQ3nyICOHqmtfCKkJdo4kTobG_uM", "expire_date": "2022-07-27T03:52:52.504Z"}}, {"model": "sessions.session", "pk": "aws6e4r6ax3ixr5uc4tmi38rjw30dluz", "fields": {"session_data": ".eJxVjDsOAiEUAO9CbYj8wdLeM5DH4yGrBpJltzLe3ZBsoe3MZN4swr7VuA9a45LZhQl2-mUJ8EltivyAdu8ce9vWJfGZ8MMOfuuZXtej_RtUGHVuIVgdpCInnEsQoFggWbRQrhg0RNpLVIAh2XRWoIz3pTipNQVrDCH7fAHfojfo:1o181m:qbu3bl04b84YjSlB0eL6wX_hno5fBLKdTk0PwUOPIUE", "expire_date": "2022-06-28T15:00:22.730Z"}}, {"model": "sessions.session", "pk": "dje04cmyzdtfllv1vhdmnoti2nx2pvuj", "fields": {"session_data": ".eJxVjDsOAiEUAO9CbYj8wdLeM5DH4yGrBpJltzLe3ZBsoe3MZN4swr7VuA9a45LZhQl2-mUJ8EltivyAdu8ce9vWJfGZ8MMOfuuZXtej_RtUGHVuIVgdpCInnEsQoFggWbRQrhg0RNpLVIAh2XRWoIz3pTipNQVrDCH7fAHfojfo:1o1KKl:pzEApoZOxuD85ESd2dqYA1Jr3X0NOsWwIf8klQjVS2k", "expire_date": "2022-06-29T04:08:47.419Z"}}, {"model": "sessions.session", "pk": "tvgdyhhvbzyr3xr91m6iidaq8d71wqiu", "fields": {"session_data": ".eJxVjDsOAiEUAO9CbYj8wdLeM5DH4yGrBpJltzLe3ZBsoe3MZN4swr7VuA9a45LZhQl2-mUJ8EltivyAdu8ce9vWJfGZ8MMOfuuZXtej_RtUGHVuIVgdpCInnEsQoFggWbRQrhg0RNpLVIAh2XRWoIz3pTipNQVrDCH7fAHfojfo:1o3eGd:4-0encOLve_blsoJk3ITvMAN9kn6g_JfVHYjosrWey8", "expire_date": "2022-07-05T13:50:07.605Z"}}, {"model": "sessions.session", "pk": "y1p5enfs1u5ldojki8cdsc6ekehy1lu4", "fields": {"session_data": ".eJxVjDsOAiEUAO9CbYj8wdLeM5DH4yGrBpJltzLe3ZBsoe3MZN4swr7VuA9a45LZhQl2-mUJ8EltivyAdu8ce9vWJfGZ8MMOfuuZXtej_RtUGHVuIVgdpCInnEsQoFggWbRQrhg0RNpLVIAh2XRWoIz3pTipNQVrDCH7fAHfojfo:1o4bPv:pyE2awQYxgp9WL-CfkUATOSfjrSA2B2tim6LM5EE_bI", "expire_date": "2022-07-08T04:59:39.595Z"}}, {"model": "authtoken.token", "pk": "13fa738511956b54885b82a6140520a3bbc6109b", "fields": {"user": 4, "created": "2022-06-14T19:32:09.888Z"}}, {"model": "authtoken.token", "pk": "1a9a7207cc9290c8b2f5fc74eedfe693cdbab94b", "fields": {"user": 24, "created": "2022-06-26T19:03:51.948Z"}}, {"model": "authtoken.token", "pk": "1cb7c010e941ea082b25e08088cb7372273daeef", "fields": {"user": 29, "created": "2022-07-03T14:07:32.284Z"}}, {"model": "authtoken.token", "pk": "2aafe8089d3026592606bf30b0006138061a0dcb", "fields": {"user": 6, "created": "2022-06-14T19:47:25.929Z"}}, {"model": "authtoken.token", "pk": "353c21a5ef76fe9138ff20f0e44ad9bb6bd40255", "fields": {"user": 10, "created": "2022-06-17T18:05:20.057Z"}}, {"model": "authtoken.token", "pk": "37eb46896dd3279577b4b8e007e7d1d20b300e8f", "fields": {"user": 5, "created": "2022-06-14T19:40:49.227Z"}}, {"model": "authtoken.token", "pk": "534a7cc50d7a9f4493c06baa111e47d27534ed31", "fields": {"user": 7, "created": "2022-06-14T19:51:07.287Z"}}, {"model": "authtoken.token", "pk": "6979b86340f2ff99fdb3562190be564bb72a4364", "fields": {"user": 1, "created": "2022-06-13T09:06:10.781Z"}}, {"model": "authtoken.token", "pk": "94a4d17534f6540d6717712c4c1744bdb593fa79", "fields": {"user": 23, "created": "2022-06-26T19:03:26.224Z"}}, {"model": "authtoken.token", "pk": "b6136b127939a89d8d17c4ad4336f0ec9b25f4a6", "fields": {"user": 22, "created": "2022-06-26T19:02:53.209Z"}}, {"model": "authtoken.token", "pk": "eb6a03346385cc70db17d141ddb6f536f90c101e", "fields": {"user": 9, "created": "2022-06-17T18:03:58.218Z"}}, {"model": "authtoken.token", "pk": "f9a1a638562d3042fb83db8b908cce7516867f9b", "fields": {"user": 27, "created": "2022-06-27T12:25:09.567Z"}}, {"model": "authtoken.token", "pk": "fa07bc487fb285b9fabbd12ac738718e0489b34b", "fields": {"user": 8, "created": "2022-06-14T19:52:57.841Z"}}, {"model": "plot_management.user", "pk": 1, "fields": {"password": "pbkdf2_sha256$320000$NdMMdoA5A7S4jGaRyHXrof$u2PVTznDPDucsE0Ek9Vd8QEjTnkZjDg91kpgy9Suj0M=", "last_login": "2022-07-13T03:52:52.496Z", "is_superuser": true, "email": "admin@gmail.com", "is_active": true, "is_staff": true, "groups": [], "user_permissions": []}}, {"model": "plot_management.user", "pk": 4, "fields": {"password": "pbkdf2_sha256$320000$nrCM12hC20cdxLQFDmuHYw$N1TJXu9+w/uji4KfbPKX3E8fosFE2cT1I9OoLZ9PI6A=", "last_login": null, "is_superuser": false, "email": "mamun@gmail.com", "is_active": true, "is_staff": false, "groups": [], "user_permissions": []}}, {"model": "plot_management.user", "pk": 5, "fields": {"password": "pbkdf2_sha256$320000$ZTjZLNnbpr7kdpovnKiz8C$2Nc/KO+Vp48oi5dkPxYdtnXs74Q/evdxrpZUNWhIuO4=", "last_login": null, "is_superuser": false, "email": "karim@gmail.com", "is_active": true, "is_staff": false, "groups": [], "user_permissions": []}}, {"model": "plot_management.user", "pk": 6, "fields": {"password": "pbkdf2_sha256$320000$daHakRcVULwdDqnzzp44lm$rxWlJLhblShoxnDMKJn/zaK0+ldD1xNpkXcBqgT1qQs=", "last_login": null, "is_superuser": false, "email": "badol@gmail.com", "is_active": true, "is_staff": false, "groups": [], "user_permissions": []}}, {"model": "plot_management.user", "pk": 7, "fields": {"password": "pbkdf2_sha256$320000$jgq1atOm73lOIrBLSmibCq$2cHm6MmjmwpxIaTRQHe3wnjU5r/CssZgDNk8PQoJ+rI=", "last_login": null, "is_superuser": false, "email": "rahman@gmail.com", "is_active": true, "is_staff": false, "groups": [], "user_permissions": []}}, {"model": "plot_management.user", "pk": 8, "fields": {"password": "pbkdf2_sha256$320000$oLCHX3j755it5NmK8noRTT$87Q2pNB7CL+g/0LuiyZS/i3IUs4vjFsNke9ip8xGZ5I=", "last_login": null, "is_superuser": false, "email": "user1@gmail.com", "is_active": true, "is_staff": false, "groups": [], "user_permissions": []}}, {"model": "plot_management.user", "pk": 9, "fields": {"password": "pbkdf2_sha256$320000$NfzyFaEoGSXbiUev2aifpU$YAd7ADxfKfiY/S1T4a0bz6hIHyiOHeRRxoyIXFjeIfQ=", "last_login": null, "is_superuser": false, "email": "anik@gmail.com", "is_active": true, "is_staff": false, "groups": [], "user_permissions": []}}, {"model": "plot_management.user", "pk": 10, "fields": {"password": "pbkdf2_sha256$320000$BSBdFTxsTLGOjYOgWto5K2$3Fu4+M6WgIRYTuh2RSyCDkwtuN9Tl27vJpyTyBvZKz8=", "last_login": null, "is_superuser": false, "email": "mahin@gmail.com", "is_active": true, "is_staff": false, "groups": [], "user_permissions": []}}, {"model": "plot_management.user", "pk": 22, "fields": {"password": "pbkdf2_sha256$320000$yOLtXADrevaG296NX6TNya$IWdrqohFkX0/hAhyEdEVR4EimCqcOUXuQv7st8EitOA=", "last_login": null, "is_superuser": false, "email": "akash@gmail.com", "is_active": true, "is_staff": false, "groups": [], "user_permissions": []}}, {"model": "plot_management.user", "pk": 23, "fields": {"password": "pbkdf2_sha256$320000$aigM1DZQidxzHGAQxQYmlM$hqO5rcxGPReuCs7W0eWFE2hy4xYp1gpm9yUISqnZHTU=", "last_login": null, "is_superuser": false, "email": "nakib@gmail.com", "is_active": true, "is_staff": false, "groups": [], "user_permissions": []}}, {"model": "plot_management.user", "pk": 24, "fields": {"password": "pbkdf2_sha256$320000$3DBnWurqnZ6kqxzlPjyRd4$Mz3BatTTXRz+ZqYMKgHPko6TwmaiZD/F0O04c42zupQ=", "last_login": null, "is_superuser": false, "email": "habib@gmail.com", "is_active": true, "is_staff": false, "groups": [], "user_permissions": []}}, {"model": "plot_management.user", "pk": 27, "fields": {"password": "pbkdf2_sha256$320000$rnl3sII36yNTnhHMy4CAwD$6FrsF/emhOtPkln1o5yNz4Sf+4l0sCMwZxUvHRkBskA=", "last_login": null, "is_superuser": true, "email": "admin2@gmail.com", "is_active": true, "is_staff": true, "groups": [], "user_permissions": []}}, {"model": "plot_management.user", "pk": 29, "fields": {"password": "pbkdf2_sha256$320000$Xlb3IHJCwfk8lr2OUhouxn$GPsXFlGue8vDCfudB7r+qAuSYHSquOIwAWkXREFOF74=", "last_login": null, "is_superuser": false, "email": "mokhtar@gmail.com", "is_active": true, "is_staff": false, "groups": [], "user_permissions": []}}, {"model": "plot_management.profile", "pk": 1, "fields": {"prouser": 1, "image": "static/images/users/iron.jpg"}}, {"model": "plot_management.profile", "pk": 3, "fields": {"prouser": 4, "image": "static/images/users/images_dhkk9n8.png"}}, {"model": "plot_management.profile", "pk": 4, "fields": {"prouser": 5, "image": "static/images/users/vector1_aCOPbYx.jpg"}}, {"model": "plot_management.profile", "pk": 5, "fields": {"prouser": 6, "image": ""}}, {"model": "plot_management.profile", "pk": 6, "fields": {"prouser": 7, "image": ""}}, {"model": "plot_management.profile", "pk": 7, "fields": {"prouser": 8, "image": ""}}, {"model": "plot_management.profile", "pk": 8, "fields": {"prouser": 9, "image": ""}}, {"model": "plot_management.profile", "pk": 9, "fields": {"prouser": 10, "image": ""}}, {"model": "plot_management.profile", "pk": 21, "fields": {"prouser": 22, "image": ""}}, {"model": "plot_management.profile", "pk": 22, "fields": {"prouser": 23, "image": "static/images/users/tony.png"}}, {"model": "plot_management.profile", "pk": 23, "fields": {"prouser": 24, "image": ""}}, {"model": "plot_management.profile", "pk": 26, "fields": {"prouser": 27, "image": "static/images/users/img_avatar_OvtyOVR.png"}}, {"model": "plot_management.profile", "pk": 28, "fields": {"prouser": 29, "image": ""}}, {"model": "plot_management.status", "pk": 1, "fields": {"title": "Main", "payment_range": "20", "date": "2022-07-09"}}, {"model": "plot_management.status", "pk": 2, "fields": {"title": "General", "payment_range": "10", "date": "2022-07-02"}}, {"model": "plot_management.status", "pk": 3, "fields": {"title": "None", "payment_range": "0", "date": "2022-06-13"}}, {"model": "plot_management.roadnumber", "pk": 1, "fields": {"title": "01", "date": "2022-06-14"}}, {"model": "plot_management.roadnumber", "pk": 2, "fields": {"title": "02", "date": "2022-06-14"}}, {"model": "plot_management.roadnumber", "pk": 3, "fields": {"title": "03", "date": "2022-06-14"}}, {"model": "plot_management.roadnumber", "pk": 4, "fields": {"title": "04", "date": "2022-06-14"}}, {"model": "plot_management.roadnumber", "pk": 5, "fields": {"title": "05", "date": "2022-06-14"}}, {"model": "plot_management.roadnumber", "pk": 6, "fields": {"title": "06", "date": "2022-06-14"}}, {"model": "plot_management.roadnumber", "pk": 7, "fields": {"title": "07", "date": "2022-06-14"}}, {"model": "plot_management.roadnumber", "pk": 8, "fields": {"title": "08", "date": "2022-06-14"}}, {"model": "plot_management.roadnumber", "pk": 9, "fields": {"title": "09", "date": "2022-06-14"}}, {"model": "plot_management.roadnumber", "pk": 10, "fields": {"title": "10", "date": "2022-06-14"}}, {"model": "plot_management.roadnumber", "pk": 11, "fields": {"title": "11", "date": "2022-06-14"}}, {"model": "plot_management.roadnumber", "pk": 12, "fields": {"title": "12", "date": "2022-06-14"}}, {"model": "plot_management.roadnumber", "pk": 13, "fields": {"title": "13", "date": "2022-06-14"}}, {"model": "plot_management.roadnumber", "pk": 14, "fields": {"title": "14", "date": "2022-06-14"}}, {"model": "plot_management.roadnumber", "pk": 15, "fields": {"title": "15", "date": "2022-06-14"}}, {"model": "plot_management.roadnumber", "pk": 16, "fields": {"title": "16", "date": "2022-06-14"}}, {"model": "plot_management.roadnumber", "pk": 17, "fields": {"title": "17", "date": "2022-06-14"}}, {"model": "plot_management.roadnumber", "pk": 18, "fields": {"title": "1A", "date": "2022-06-14"}}, {"model": "plot_management.roadnumber", "pk": 19, "fields": {"title": "1B", "date": "2022-06-14"}}, {"model": "plot_management.roadnumber", "pk": 20, "fields": {"title": "2A", "date": "2022-06-14"}}, {"model": "plot_management.roadnumber", "pk": 21, "fields": {"title": "2B", "date": "2022-06-14"}}, {"model": "plot_management.roadnumber", "pk": 22, "fields": {"title": "3A", "date": "2022-06-17"}}, {"model": "plot_management.roadnumber", "pk": 23, "fields": {"title": "4A", "date": "2022-06-21"}}, {"model": "plot_management.roadnumber", "pk": 24, "fields": {"title": "4B", "date": "2022-06-21"}}, {"model": "plot_management.roadnumber", "pk": 26, "fields": {"title": "5A", "date": "2022-06-25"}}, {"model": "plot_management.plotnumber", "pk": 1, "fields": {"title": "001", "date": "2022-06-17"}}, {"model": "plot_management.plotnumber", "pk": 2, "fields": {"title": "002", "date": "2022-06-17"}}, {"model": "plot_management.plotnumber", "pk": 3, "fields": {"title": "003", "date": "2022-06-17"}}, {"model": "plot_management.plotnumber", "pk": 4, "fields": {"title": "004A", "date": "2022-06-17"}}, {"model": "plot_management.plotnumber", "pk": 5, "fields": {"title": "004B", "date": "2022-06-17"}}, {"model": "plot_management.plotnumber", "pk": 6, "fields": {"title": "005", "date": "2022-06-17"}}, {"model": "plot_management.plotnumber", "pk": 7, "fields": {"title": "006", "date": "2022-06-17"}}, {"model": "plot_management.plotnumber", "pk": 8, "fields": {"title": "007", "date": "2022-06-17"}}, {"model": "plot_management.plotnumber", "pk": 9, "fields": {"title": "008", "date": "2022-06-17"}}, {"model": "plot_management.plotnumber", "pk": 10, "fields": {"title": "009A", "date": "2022-06-17"}}, {"model": "plot_management.plotnumber", "pk": 11, "fields": {"title": "009B", "date": "2022-06-17"}}, {"model": "plot_management.plotnumber", "pk": 12, "fields": {"title": "010A", "date": "2022-06-17"}}, {"model": "plot_management.plotnumber", "pk": 13, "fields": {"title": "010B", "date": "2022-06-17"}}, {"model": "plot_management.plotnumber", "pk": 14, "fields": {"title": "011A", "date": "2022-06-17"}}, {"model": "plot_management.plotnumber", "pk": 15, "fields": {"title": "011B", "date": "2022-06-17"}}, {"model": "plot_management.plotnumber", "pk": 16, "fields": {"title": "012", "date": "2022-06-17"}}, {"model": "plot_management.plotnumber", "pk": 17, "fields": {"title": "013A", "date": "2022-06-17"}}, {"model": "plot_management.plotnumber", "pk": 18, "fields": {"title": "013B", "date": "2022-06-17"}}, {"model": "plot_management.plotnumber", "pk": 19, "fields": {"title": "014", "date": "2022-06-17"}}, {"model": "plot_management.plotnumber", "pk": 20, "fields": {"title": "015", "date": "2022-06-21"}}, {"model": "plot_management.plotnumber", "pk": 21, "fields": {"title": "016", "date": "2022-06-21"}}, {"model": "plot_management.plotnumber", "pk": 23, "fields": {"title": "017", "date": "2022-06-25"}}, {"model": "plot_management.plotposition", "pk": 1, "fields": {"plot_no": "001", "road_no": "1A", "date": "2022-06-14"}}, {"model": "plot_management.plotposition", "pk": 2, "fields": {"plot_no": "002", "road_no": "1A", "date": "2022-06-14"}}, {"model": "plot_management.plotposition", "pk": 3, "fields": {"plot_no": "003", "road_no": "1A", "date": "2022-06-14"}}, {"model": "plot_management.plotposition", "pk": 4, "fields": {"plot_no": "004A", "road_no": "1A", "date": "2022-06-14"}}, {"model": "plot_management.plotposition", "pk": 5, "fields": {"plot_no": "004B", "road_no": "1A", "date": "2022-06-14"}}, {"model": "plot_management.plotposition", "pk": 6, "fields": {"plot_no": "005", "road_no": "1A", "date": "2022-06-14"}}, {"model": "plot_management.plotposition", "pk": 7, "fields": {"plot_no": "006", "road_no": "18", "date": "2022-06-14"}}, {"model": "plot_management.plotposition", "pk": 8, "fields": {"plot_no": "007", "road_no": "01", "date": "2022-06-14"}}, {"model": "plot_management.plotposition", "pk": 9, "fields": {"plot_no": "008", "road_no": "01", "date": "2022-06-14"}}, {"model": "plot_management.plotposition", "pk": 10, "fields": {"plot_no": "009A", "road_no": "01", "date": "2022-06-14"}}, {"model": "plot_management.plotposition", "pk": 11, "fields": {"plot_no": "009B", "road_no": "01", "date": "2022-06-14"}}, {"model": "plot_management.plotposition", "pk": 12, "fields": {"plot_no": "010A", "road_no": "01", "date": "2022-06-14"}}, {"model": "plot_management.plotposition", "pk": 13, "fields": {"plot_no": "010B", "road_no": "1A", "date": "2022-06-14"}}, {"model": "plot_management.plotposition", "pk": 14, "fields": {"plot_no": "011A", "road_no": "1A", "date": "2022-06-14"}}, {"model": "plot_management.plotposition", "pk": 15, "fields": {"plot_no": "011B", "road_no": "01", "date": "2022-06-14"}}, {"model": "plot_management.plotposition", "pk": 16, "fields": {"plot_no": "012", "road_no": "01", "date": "2022-06-17"}}, {"model": "plot_management.plotposition", "pk": 17, "fields": {"plot_no": "013A", "road_no": "01", "date": "2022-06-17"}}, {"model": "plot_management.plotposition", "pk": 18, "fields": {"plot_no": "015", "road_no": "4A", "date": "2022-06-21"}}, {"model": "plot_management.plotposition", "pk": 19, "fields": {"plot_no": "016", "road_no": "4B", "date": "2022-06-21"}}, {"model": "plot_management.plotposition", "pk": 23, "fields": {"plot_no": "017", "road_no": "5A", "date": "2022-06-25"}}, {"model": "plot_management.adminuserinfo", "pk": 1, "fields": {"admin_email": 1, "admin_firstname": "Al", "admin_lastname": "Mahmood", "admin_phone": "01780355360", "admin_nid": "8146479825", "date": "2022-06-15"}}, {"model": "plot_management.adminuserinfo", "pk": 4, "fields": {"admin_email": 27, "admin_firstname": null, "admin_lastname": null, "admin_phone": null, "admin_nid": null, "date": "2022-06-27"}}, {"model": "plot_management.member", "pk": 8, "fields": {"email": "mamun@gmail.com", "member_firstname": "Abdullah Al Mahmood", "member_lastname": "Yasir", "member_nid": "8258554024", "member_phone": "01731460920", "onetime_payment": true}}, {"model": "plot_management.member", "pk": 9, "fields": {"email": "karim@gmail.com", "member_firstname": "Karim", "member_lastname": "Uddin", "member_nid": "9874563856", "member_phone": "01912345678", "onetime_payment": true}}, {"model": "plot_management.member", "pk": 10, "fields": {"email": "badol@gmail.com", "member_firstname": "Badol", "member_lastname": "Rahman", "member_nid": "4589760143", "member_phone": "01912345679", "onetime_payment": true}}, {"model": "plot_management.member", "pk": 11, "fields": {"email": "rahman@gmail.com", "member_firstname": "Rahman", "member_lastname": "Haque", "member_nid": "7148253795", "member_phone": "01731460986", "onetime_payment": true}}, {"model": "plot_management.member", "pk": 12, "fields": {"email": "user1@gmail.com", "member_firstname": "Jashim", "member_lastname": "Uddin", "member_nid": "6349661376", "member_phone": "01731460649", "onetime_payment": true}}, {"model": "plot_management.member", "pk": 13, "fields": {"email": "anik@gmail.com", "member_firstname": "Anik", "member_lastname": "Ahmed", "member_nid": "7821356429", "member_phone": "01764561566", "onetime_payment": true}}, {"model": "plot_management.member", "pk": 14, "fields": {"email": "mahin@gmail.com", "member_firstname": "Mahin", "member_lastname": "Ahmed", "member_nid": "1024795348", "member_phone": "01798563124", "onetime_payment": true}}, {"model": "plot_management.member", "pk": 26, "fields": {"email": "akash@gmail.com", "member_firstname": "Akash", "member_lastname": "Uddin", "member_nid": "258564375195", "member_phone": "01325874196", "onetime_payment": true}}, {"model": "plot_management.member", "pk": 27, "fields": {"email": "nakib@gmail.com", "member_firstname": "Nakib Ul", "member_lastname": "Islam", "member_nid": "258564375885", "member_phone": "01325874143", "onetime_payment": true}}, {"model": "plot_management.member", "pk": 28, "fields": {"email": "habib@gmail.com", "member_firstname": "Habibur", "member_lastname": "Rahman", "member_nid": "384564375885", "member_phone": "01875874143", "onetime_payment": true}}, {"model": "plot_management.member", "pk": 33, "fields": {"email": "mokhtar@gmail.com", "member_firstname": "Mokhtar", "member_lastname": "Uddin", "member_nid": "8523697415", "member_phone": "01856998743", "onetime_payment": true}}, {"model": "plot_management.paymentdatefix", "pk": 1, "fields": {"start_date": "2022-06-15", "end_date": "2022-06-26", "applied_date": "2022-06-19"}}, {"model": "plot_management.paymentdatefix", "pk": 10, "fields": {"start_date": "2022-06-22", "end_date": "2022-06-25", "applied_date": "2022-06-24"}}, {"model": "plot_management.paymentdatefix", "pk": 11, "fields": {"start_date": "2022-06-26", "end_date": "2022-06-28", "applied_date": "2022-06-27"}}, {"model": "plot_management.paymentdatefix", "pk": 14, "fields": {"start_date": "2022-07-12", "end_date": "2022-07-12", "applied_date": "2022-07-12"}}, {"model": "plot_management.trackplotownership", "pk": 1, "fields": {"owner_email": 8, "plot_no": "011B", "road_no": "01", "member_status": 1, "date": "2022-06-17"}}, {"model": "plot_management.trackplotownership", "pk": 2, "fields": {"owner_email": 11, "plot_no": "011B", "road_no": "01", "member_status": 2, "date": "2022-06-17"}}, {"model": "plot_management.trackplotownership", "pk": 3, "fields": {"owner_email": 10, "plot_no": "011B", "road_no": "01", "member_status": 2, "date": "2022-06-17"}}, {"model": "plot_management.trackplotownership", "pk": 4, "fields": {"owner_email": 9, "plot_no": "011B", "road_no": "01", "member_status": 2, "date": "2022-06-17"}}, {"model": "plot_management.trackplotownership", "pk": 5, "fields": {"owner_email": 13, "plot_no": "013A", "road_no": "01", "member_status": 1, "date": "2022-06-18"}}, {"model": "plot_management.trackplotownership", "pk": 6, "fields": {"owner_email": 14, "plot_no": "013A", "road_no": "01", "member_status": 2, "date": "2022-06-18"}}, {"model": "plot_management.trackplotownership", "pk": 8, "fields": {"owner_email": 12, "plot_no": "013A", "road_no": "01", "member_status": 2, "date": "2022-06-18"}}, {"model": "plot_management.trackplotownership", "pk": 12, "fields": {"owner_email": 9, "plot_no": "004B", "road_no": "1A", "member_status": 1, "date": "2022-06-19"}}, {"model": "plot_management.trackplotownership", "pk": 14, "fields": {"owner_email": 8, "plot_no": "004B", "road_no": "1A", "member_status": 2, "date": "2022-06-21"}}, {"model": "plot_management.trackplotownership", "pk": 17, "fields": {"owner_email": 13, "plot_no": "016", "road_no": "4B", "member_status": 3, "date": "2022-06-21"}}, {"model": "plot_management.trackplotownership", "pk": 33, "fields": {"owner_email": 27, "plot_no": "016", "road_no": "4B", "member_status": 2, "date": "2022-07-03"}}, {"model": "plot_management.trackplotownership", "pk": 34, "fields": {"owner_email": 27, "plot_no": "004B", "road_no": "1A", "member_status": 3, "date": "2022-07-03"}}, {"model": "plot_management.trackduetable", "pk": 1, "fields": {"owner_email": "mamun@gmail.com", "start_date": "2022-07-12", "end_date": "2022-07-12", "paid": false, "plot_no": "011B", "member_status": "Main", "amount": "20", "date": "2022-07-12"}}, {"model": "plot_management.trackduetable", "pk": 2, "fields": {"owner_email": "rahman@gmail.com", "start_date": "2022-07-12", "end_date": "2022-07-12", "paid": false, "plot_no": "011B", "member_status": "General", "amount": "10", "date": "2022-07-12"}}, {"model": "plot_management.trackduetable", "pk": 3, "fields": {"owner_email": "badol@gmail.com", "start_date": "2022-07-12", "end_date": "2022-07-12", "paid": false, "plot_no": "011B", "member_status": "General", "amount": "10", "date": "2022-07-12"}}, {"model": "plot_management.trackduetable", "pk": 4, "fields": {"owner_email": "karim@gmail.com", "start_date": "2022-07-12", "end_date": "2022-07-12", "paid": false, "plot_no": "011B", "member_status": "General", "amount": "10", "date": "2022-07-12"}}, {"model": "plot_management.trackduetable", "pk": 5, "fields": {"owner_email": "anik@gmail.com", "start_date": "2022-07-12", "end_date": "2022-07-12", "paid": false, "plot_no": "013A", "member_status": "Main", "amount": "20", "date": "2022-07-12"}}, {"model": "plot_management.trackduetable", "pk": 6, "fields": {"owner_email": "mahin@gmail.com", "start_date": "2022-07-12", "end_date": "2022-07-12", "paid": false, "plot_no": "013A", "member_status": "General", "amount": "10", "date": "2022-07-12"}}, {"model": "plot_management.trackduetable", "pk": 7, "fields": {"owner_email": "user1@gmail.com", "start_date": "2022-07-12", "end_date": "2022-07-12", "paid": false, "plot_no": "013A", "member_status": "General", "amount": "10", "date": "2022-07-12"}}, {"model": "plot_management.trackduetable", "pk": 8, "fields": {"owner_email": "karim@gmail.com", "start_date": "2022-07-12", "end_date": "2022-07-12", "paid": true, "plot_no": "004B", "member_status": "Main", "amount": "20", "date": "2022-07-12"}}, {"model": "plot_management.trackduetable", "pk": 9, "fields": {"owner_email": "mamun@gmail.com", "start_date": "2022-07-12", "end_date": "2022-07-12", "paid": false, "plot_no": "004B", "member_status": "General", "amount": "10", "date": "2022-07-12"}}, {"model": "plot_management.trackduetable", "pk": 10, "fields": {"owner_email": "anik@gmail.com", "start_date": "2022-07-12", "end_date": "2022-07-12", "paid": false, "plot_no": "016", "member_status": "None", "amount": "0", "date": "2022-07-12"}}, {"model": "plot_management.trackduetable", "pk": 11, "fields": {"owner_email": "nakib@gmail.com", "start_date": "2022-07-12", "end_date": "2022-07-12", "paid": false, "plot_no": "016", "member_status": "General", "amount": "10", "date": "2022-07-12"}}, {"model": "plot_management.trackduetable", "pk": 12, "fields": {"owner_email": "nakib@gmail.com", "start_date": "2022-07-12", "end_date": "2022-07-12", "paid": false, "plot_no": "004B", "member_status": "None", "amount": "0", "date": "2022-07-12"}}, {"model": "plot_management.bankname", "pk": 1, "fields": {"name": "Agrani Bank Limited", "date": "2022-07-09"}}, {"model": "plot_management.bankname", "pk": 2, "fields": {"name": "Bangladesh Development Bank", "date": "2022-07-09"}}, {"model": "plot_management.bankname", "pk": 3, "fields": {"name": "BASIC Bank Limited", "date": "2022-07-09"}}, {"model": "plot_management.bankname", "pk": 4, "fields": {"name": "Janata Bank Limited", "date": "2022-07-09"}}, {"model": "plot_management.bankname", "pk": 5, "fields": {"name": "Rupali Bank Limited", "date": "2022-07-09"}}, {"model": "plot_management.bankname", "pk": 6, "fields": {"name": "Sonali Bank Limited", "date": "2022-07-09"}}, {"model": "plot_management.bankname", "pk": 7, "fields": {"name": "AB Bank Limited", "date": "2022-07-09"}}, {"model": "plot_management.bankname", "pk": 8, "fields": {"name": "Bangladesh Commerce Bank Limited", "date": "2022-07-09"}}, {"model": "plot_management.bankname", "pk": 9, "fields": {"name": "Bank Asia Limited", "date": "2022-07-09"}}, {"model": "plot_management.bankname", "pk": 10, "fields": {"name": "BRAC Bank Limited", "date": "2022-07-09"}}, {"model": "plot_management.bankname", "pk": 11, "fields": {"name": "City Bank Limited", "date": "2022-07-09"}}, {"model": "plot_management.bankname", "pk": 12, "fields": {"name": "Al-Arafah Islami Bank Limited", "date": "2022-07-09"}}, {"model": "plot_management.bankname", "pk": 13, "fields": {"name": "Islami Bank Bangladesh Limited", "date": "2022-07-09"}}, {"model": "plot_management.bankname", "pk": 14, "fields": {"name": "IFIC Bank Limited", "date": "2022-07-09"}}, {"model": "plot_management.onetimeamount", "pk": 1, "fields": {"amount": "50", "date": "2022-07-09"}}, {"model": "plot_management.onetimemembershippayment", "pk": 1, "fields": {"member_email": "mamun@gmail.com", "bank_name": "City Bank Limited", "cheque_number": "9633654152784", "account_no": "5266587212", "member_nid": "8258554024", "amount": "50", "date": "2022-07-12"}}, {"model": "plot_management.onetimemembershippayment", "pk": 2, "fields": {"member_email": "karim@gmail.com", "bank_name": "AB Bank Limited", "cheque_number": "9633654152589", "account_no": "5266587356", "member_nid": "8258554088", "amount": "50", "date": "2022-07-12"}}, {"model": "plot_management.onetimemembershippayment", "pk": 3, "fields": {"member_email": "badol@gmail.com", "bank_name": "Islami Bank Bangladesh Limited", "cheque_number": "9633654156842", "account_no": "5266586554", "member_nid": "8258555065", "amount": "50", "date": "2022-07-12"}}, {"model": "plot_management.onetimemembershippayment", "pk": 4, "fields": {"member_email": "mokhtar@gmail.com", "bank_name": "Janata Bank Limited", "cheque_number": "1247896345", "account_no": "AC-5868943", "member_nid": "8523697415", "amount": "50", "date": "2022-07-12"}}, {"model": "plot_management.offlinepayment", "pk": 11, "fields": {"member_email": 8, "cheque_number": "159753258", "account_no": "4697315", "member_nid": "8258554024", "plot_no": "011B", "road_no": "01", "member_status": 1, "paid_amount": "20", "start_date": "2022-06-15", "end_date": "2022-06-26", "payment_date": "2022-06-21"}}, {"model": "plot_management.offlinepayment", "pk": 12, "fields": {"member_email": 8, "cheque_number": "85236974598", "account_no": "15696753354", "member_nid": "8258554024", "plot_no": "004B", "road_no": "1A", "member_status": 2, "paid_amount": "10", "start_date": "2022-06-15", "end_date": "2022-06-26", "payment_date": "2022-06-21"}}, {"model": "plot_management.offlinepayment", "pk": 13, "fields": {"member_email": 8, "cheque_number": "9633654152784", "account_no": "5266587212", "member_nid": "8258554024", "plot_no": "004B", "road_no": "1A", "member_status": 2, "paid_amount": "10", "start_date": "2022-06-22", "end_date": "2022-06-25", "payment_date": "2022-06-24"}}, {"model": "plot_management.offlinepayment", "pk": 17, "fields": {"member_email": 27, "cheque_number": "258877446200198", "account_no": "789874568120066", "member_nid": "258564375885", "plot_no": "009B", "road_no": "01", "member_status": 2, "paid_amount": "10", "start_date": "2022-06-26", "end_date": "2022-06-28", "payment_date": "2022-07-03"}}, {"model": "plot_management.offlinepayment", "pk": 19, "fields": {"member_email": 27, "cheque_number": "JKL498749625365", "account_no": "AC84568143546", "member_nid": "258564375885", "plot_no": "016", "road_no": "4B", "member_status": 2, "paid_amount": "10", "start_date": "2022-06-26", "end_date": "2022-06-28", "payment_date": "2022-07-03"}}, {"model": "plot_management.payonline", "pk": 6, "fields": {"email": 8, "transaction_id": "633096e4-a672-49b8-8024-89a7714b2536", "medium": "BKash Mobile Banking", "member_nid": "8258554024", "plot_no": "011B", "road_no": "01", "member_status": 1, "paid_amount": "20.00", "start_date": "2022-06-15", "end_date": "2022-06-26", "payment_date": "2022-06-24"}}, {"model": "plot_management.payonline", "pk": 8, "fields": {"email": 9, "transaction_id": "3d3fa098-41ef-4e14-8f0f-1da81575ee74", "medium": "BKash Mobile Banking", "member_nid": "9874563856", "plot_no": "011B", "road_no": "01", "member_status": 2, "paid_amount": "10.00", "start_date": "2022-06-22", "end_date": "2022-06-25", "payment_date": "2022-06-24"}}, {"model": "plot_management.payonline", "pk": 11, "fields": {"email": 9, "transaction_id": "7d93fd91-7334-4ac4-85ad-92f567e3bc3d", "medium": "Bank Asia Limited", "member_nid": "9874563856", "plot_no": "004B", "road_no": "1A", "member_status": 1, "paid_amount": "20.00", "start_date": "2022-07-12", "end_date": "2022-07-12", "payment_date": "2022-07-13"}}, {"model": "plot_management.trackmembershippayment", "pk": 3, "fields": {"member_email": 11, "online_email": null, "member_status": "Main", "plot_no": "011B", "road_no": "01", "payment_type": "offline", "payment_status": "ontime", "start_date": "2022-06-15", "end_date": "2022-06-26", "date": "2022-06-21"}}, {"model": "plot_management.trackmembershippayment", "pk": 4, "fields": {"member_email": 12, "online_email": null, "member_status": "General", "plot_no": "004B", "road_no": "1A", "payment_type": "offline", "payment_status": "ontime", "start_date": "2022-06-15", "end_date": "2022-06-26", "date": "2022-06-21"}}, {"model": "plot_management.trackmembershippayment", "pk": 5, "fields": {"member_email": null, "online_email": 6, "member_status": "Main", "plot_no": "011B", "road_no": "01", "payment_type": "online", "payment_status": "ontime", "start_date": "2022-06-15", "end_date": "2022-06-26", "date": "2022-06-24"}}, {"model": "plot_management.trackmembershippayment", "pk": 7, "fields": {"member_email": null, "online_email": 8, "member_status": "General", "plot_no": "011B", "road_no": "01", "payment_type": "online", "payment_status": "ontime", "start_date": "2022-06-22", "end_date": "2022-06-25", "date": "2022-06-24"}}, {"model": "plot_management.trackmembershippayment", "pk": 8, "fields": {"member_email": 13, "online_email": null, "member_status": "General", "plot_no": "004B", "road_no": "1A", "payment_type": "offline", "payment_status": "ontime", "start_date": "2022-06-22", "end_date": "2022-06-25", "date": "2022-06-24"}}, {"model": "plot_management.trackmembershippayment", "pk": 12, "fields": {"member_email": 17, "online_email": null, "member_status": "General", "plot_no": "009B", "road_no": "01", "payment_type": "offline", "payment_status": "late", "start_date": "2022-06-26", "end_date": "2022-06-28", "date": "2022-07-03"}}, {"model": "plot_management.trackmembershippayment", "pk": 14, "fields": {"member_email": 19, "online_email": null, "member_status": "General", "plot_no": "016", "road_no": "4B", "payment_type": "offline", "payment_status": "late", "start_date": "2022-06-26", "end_date": "2022-06-28", "date": "2022-07-03"}}, {"model": "plot_management.trackmembershippayment", "pk": 18, "fields": {"member_email": null, "online_email": 11, "member_status": "Main", "plot_no": "004B", "road_no": "1A", "payment_type": "online", "payment_status": "late", "start_date": "2022-07-12", "end_date": "2022-07-12", "date": "2022-07-13"}}, {"model": "plot_management.memberhistory", "pk": 15, "fields": {"owner_email": "humayun@gmail.com", "member_firstname": "Humayun", "member_lastname": "Ahmed", "member_nid": "9874563658421", "member_phone": "01635482147", "plot_no": "004B", "road_no": "1A", "member_status": "General", "date": "2022-06-27"}}, {"model": "plot_management.memberhistory", "pk": 16, "fields": {"owner_email": "humayun@gmail.com", "member_firstname": "Humayun", "member_lastname": "Ahmed", "member_nid": "9874563658421", "member_phone": "01635482147", "plot_no": "013A", "road_no": "01", "member_status": "None", "date": "2022-06-27"}}, {"model": "plot_management.memberhistory", "pk": 17, "fields": {"owner_email": "ratul@gmail.com", "member_firstname": "Ratul", "member_lastname": "Haque", "member_nid": "75315896423", "member_phone": "01563214785", "plot_no": "004B", "road_no": "1A", "member_status": "None", "date": "2022-06-27"}}, {"model": "plot_management.memberhistory", "pk": 18, "fields": {"owner_email": "ratul@gmail.com", "member_firstname": "Ratul", "member_lastname": "Haque", "member_nid": "75315896423", "member_phone": "01563214785", "plot_no": "010B", "road_no": "1A", "member_status": "General", "date": "2022-06-27"}}, {"model": "plot_management.memberhistory", "pk": 19, "fields": {"owner_email": "barek@gmail.com", "member_firstname": "Barek", "member_lastname": "Mia", "member_nid": "4254662098", "member_phone": "01961460525", "plot_no": "010B", "road_no": "1A", "member_status": "None", "date": "2022-06-27"}}, {"model": "plot_management.memberhistory", "pk": 20, "fields": {"owner_email": "habib@gmail.com", "member_firstname": "Habibur", "member_lastname": "Rahman", "member_nid": "384564375885", "member_phone": "01875874143", "plot_no": "009B", "road_no": "01", "member_status": "None", "date": "2022-06-27"}}, {"model": "plot_management.memberhistory", "pk": 21, "fields": {"owner_email": "nakib@gmail.com", "member_firstname": "Nakib Ul", "member_lastname": "Islam", "member_nid": "258564375885", "member_phone": "01325874143", "plot_no": "009B", "road_no": "01", "member_status": "General", "date": "2022-07-03"}}, {"model": "plot_management.memberhistory", "pk": 22, "fields": {"owner_email": "nakib@gmail.com", "member_firstname": "Nakib Ul", "member_lastname": "Islam", "member_nid": "258564375885", "member_phone": "01325874143", "plot_no": "011A", "road_no": "1A", "member_status": "Main", "date": "2022-07-03"}}, {"model": "plot_management.memberhistory", "pk": 23, "fields": {"owner_email": "akash@gmail.com", "member_firstname": "Akash", "member_lastname": "Uddin", "member_nid": "258564375195", "member_phone": "01325874196", "plot_no": "017", "road_no": "5A", "member_status": "General", "date": "2022-07-03"}}, {"model": "plot_management.memberhistory", "pk": 24, "fields": {"owner_email": "mokhtar@gmail.com", "member_firstname": "akash", "member_lastname": "mokhtar", "member_nid": "18583566", "member_phone": "01745894259", "plot_no": "004B", "road_no": "1A", "member_status": "General", "date": "2022-07-12"}}]